Codice_Fiscale,Nome,Cognome,Via,Numero_Civico,CAP,Provincia,Data_Nascita,Email,Telefono,Vendita,Noleggio
AACJCW79R56T967A,Faunie,Schulze,Upham,144,28731,SZ,1967-12-26,fschulzeg9@mail.ru,253-214-4596,0,0
AAXHAB64U96Q208U,Mirabelle,Entwhistle,"Saint Paul",156,92037,WO,1995-12-21,mentwhistleeh@japanpost.jp,512-396-2873,0,0
ACFGNQ30L49C290E,Debbie,Gowan,Nobel,8,24939,EN,1982-12-07,dgowan28@sohu.com,861-857-7430,1,0
ACKAOT28C54B747N,Randolph,Rolls,Magdeline,71,79184,RC,1970-05-31,rrollsad@dailymotion.com,494-926-3022,1,1
ADRPMU31S99L692A,Elianora,Hrishchenko,Columbus,143,27096,DO,1979-12-17,ehrishchenko91@alexa.com,649-956-8003,1,1
ADSXNW73N15E036G,Brok,Kilmaster,Clarendon,45,56625,JO,1956-10-07,bkilmasterf1@deviantart.com,954-811-5609,1,0
AEIIND49C46I381L,Neill,Pressman,Maywood,184,21230,VY,1959-12-24,npressmanh2@blog.com,119-208-0023,0,0
AGNAZI55F89P801O,Davita,Murfett,Linden,144,72159,PX,1996-12-25,dmurfett5k@smugmug.com,357-326-2967,1,1
AIBTNS95S39P247L,Sherlocke,Bray,Ridgeway,87,17095,IS,1954-08-17,sbray1l@huffingtonpost.com,404-606-9404,1,1
AIJFSO16I62C036O,Aridatha,Hulse,Barby,49,60846,KU,1963-07-24,ahulsebi@skype.com,749-910-3253,0,0
AOTUMY85V25W369O,Tiler,Tucknott,Delladonna,10,39625,WX,1969-02-21,ttucknottbg@netvibes.com,361-609-3036,1,1
APAYLB05K98K546S,Hoyt,Bome,Hazelcrest,200,42942,IE,1959-01-29,hbome5e@census.gov,219-644-5727,0,1
AQHUQM91Y24L005C,Zelma,Decaze,Oriole,35,92251,AD,1961-01-23,zdecazefs@alexa.com,891-331-3962,0,1
AQSQOK88B98U130Z,Colby,Nardrup,Rigney,171,41196,HZ,1975-09-23,cnardrup4t@answers.com,445-307-1412,1,1
ASARGF63Q01H540M,Malvin,Kilford,Merry,150,61033,OH,1994-09-28,mkilford8t@w3.org,298-981-2556,1,1
ASCWFT08I51W790V,Zorine,Simecek,Fremont,146,74130,TE,1969-08-22,zsimecek4x@economist.com,398-916-4563,0,0
ASDSAA65O82W048O,Schuyler,Yurchishin,Carpenter,84,23158,LE,1970-01-27,syurchishinv@home.pl,953-240-2199,0,1
ASJKJD11P82L981R,Roxi,Rusted,Bellgrove,10,94577,IO,1992-05-11,rrustedcm@sbwire.com,358-235-1525,0,0
ATOPPV18I18V056E,Elbert,Boyse,Kingsford,87,29341,KJ,1951-04-04,eboysed7@tamu.edu,897-187-3175,1,0
AUDNZH53D26Q374U,Theo,Congram,Debra,77,68053,OB,1967-09-03,tcongram5x@gizmodo.com,467-460-0426,0,1
AUUSHK86B11L397G,Edin,Stobart,Bartelt,166,91710,TI,1973-01-27,estobarte9@google.de,957-463-0581,0,0
AVJMVS27Z20H763L,Tanitansy,"Le Floch",Shasta,136,15463,ZU,1953-08-24,tlefloch6h@symantec.com,254-512-8625,1,1
AWCLWK38R47Q675U,Bird,Kinset,Nelson,200,34581,QS,1973-04-10,bkinset4@addthis.com,463-719-4304,0,1
AXBJPR02L73V093B,Bear,Ritzman,Hazelcrest,114,56733,AN,1991-04-26,britzman72@soup.io,130-546-5594,1,0
AXGHWK44A12V921L,Terencio,Brunton,Melby,142,84178,MQ,1985-11-03,tbruntonax@de.vu,995-922-1299,0,1
AXKLPU58J21P197A,Gabbie,Batiste,Walton,135,89689,PG,1977-05-08,gbatisteaw@furl.net,530-716-3866,0,0
AXVQIS87C37M095Y,Libbi,Hamley,Hudson,131,51106,SF,1959-02-20,lhamleyf9@bbc.co.uk,422-116-4626,1,0
AYYGFF86S30M223A,Ivy,Vicary,Carey,174,92390,XM,1986-04-29,ivicaryh5@last.fm,560-323-3615,1,1
BAUAPV31J50U332Z,Alexandra,Mulvey,Bellgrove,84,65349,YL,1997-11-21,amulveyd4@ucla.edu,958-851-7080,0,0
BBWMLE72W99L460E,Gayel,Hylton,Fremont,56,45025,OI,1959-10-29,ghyltonda@google.com,786-802-6186,0,0
BCHQEA99D57R469D,Vitoria,Dreinan,Sycamore,15,76378,MR,1952-11-20,vdreinan2w@vinaora.com,541-882-7052,0,1
BEQLUA34H20B825G,Isidora,Tewkesbury,Sugar,118,48466,CN,1975-02-07,itewkesburygx@biblegateway.com,679-987-9398,0,0
BFVEDZ41Q65G363Y,Von,Vedeniktov,Iowa,76,40758,PB,1971-08-24,vvedeniktov2i@barnesandnoble.com,979-914-8945,1,0
BGQMOS11P86Q149K,Isidora,Abram,Northridge,68,54600,CX,1979-08-12,iabram7s@sogou.com,956-779-8512,1,1
BICPGB11Q13P628L,Cristine,Derham,Petterle,156,39037,TN,1964-12-28,cderhamfz@usgs.gov,149-230-4947,0,1
BIIBYL39G22W107I,Marjorie,Blanchflower,"Lake View",66,59436,AF,1956-08-27,mblanchflower3q@clickbank.net,408-487-5560,0,0
BJIAAD00I89R750C,Giraud,Kinnock,Jackson,52,23857,MD,1976-05-02,gkinnock63@cornell.edu,179-885-6441,0,1
BJIALS87O72V514M,Rochester,Gowenlock,Bultman,160,91658,WK,1967-10-21,rgowenlockc0@utexas.edu,593-443-2412,0,1
BKYKNJ91X85R587T,Bjorn,Cantor,Paget,13,78054,CI,1989-08-26,bcantor5a@unesco.org,513-104-3099,1,1
BLVFUF67U35U133Q,Urbanus,Witcomb,South,12,86811,HB,1954-04-29,uwitcomb59@joomla.org,975-620-4758,0,1
BLYUAV10L69W853M,Marlane,Bradman,Bobwhite,11,57218,DO,1982-08-26,mbradmandk@t-online.de,816-728-5478,0,0
BNFGPY17G18J574E,Pedro,Castelow,"Ridge Oak",54,77013,II,1981-02-03,pcastelow5v@51.la,176-375-2703,0,1
BNMSWA07M88K291E,Garwood,Dakin,Mockingbird,96,03995,BS,1962-03-30,gdakin6d@dmoz.org,637-952-6682,0,1
BNNTTB66V46X229V,Beryle,Spencley,Dryden,83,87113,DA,1992-03-24,bspencleygq@mit.edu,916-676-9478,0,0
BNVEFK57S62F256J,Cam,Hearnes,Northfield,172,97571,IM,1969-11-27,chearnes93@digg.com,737-387-7721,0,1
BPKLIU58X90M507B,Tanitansy,Todhunter,Blackbird,29,64415,HS,1967-08-18,ttodhunter8q@oaic.gov.au,399-178-2252,0,0
BQGJKI11N91J623D,Dunstan,Laurentin,Jana,86,61793,II,1975-01-17,dlaurentin25@goo.ne.jp,258-796-3088,0,1
BQPXMW91K40Z655X,Mar,Penwright,"Golf View",77,67881,QJ,1974-09-14,mpenwright2m@pen.io,284-182-4928,0,1
BTLCNU38B77A480P,Teresa,Rash,Southridge,85,02655,YH,1975-11-05,trashm@parallels.com,972-451-6396,1,1
BVAXTX33H24G060E,Hew,Charrette,Messerschmidt,161,76711,ZC,1961-02-05,hcharrette31@upenn.edu,526-651-2286,0,0
BWLFES44M80C407K,Lazare,Kapelhoff,Veith,197,00396,IF,1956-10-19,lkapelhoff7t@omniture.com,771-767-3793,1,1
BWLYKL04V01P581D,Giacomo,Dallender,Sommers,6,60776,QY,1988-09-14,gdallendera0@wp.com,761-674-5224,0,1
CAQAWO75M36T173Q,Micky,Annetts,Magdeline,30,34545,UN,1970-02-27,mannetts41@last.fm,333-917-8203,0,1
CBRXUH64Z01I868O,Abe,Ream,Barby,10,85129,LJ,1960-01-17,areamh7@illinois.edu,658-126-8016,0,0
CCPFOI93L12Y581W,Frankie,Cattow,Hoepker,175,21630,BG,1955-03-07,fcattow7y@cam.ac.uk,717-810-6335,1,0
CDKYYB45U03K637V,Berky,Seldon,Melrose,178,05428,BJ,1981-08-08,bseldonab@people.com.cn,168-633-8785,0,0
CHIDDJ74U01M308F,Robbyn,Pilipyak,Hintze,104,51806,LB,1970-04-07,rpilipyak2e@list-manage.com,707-301-3860,1,1
CIEFDT13N50B891C,Kristal,Iacovino,Westend,141,49342,WF,1956-08-13,kiacovinogh@yolasite.com,871-912-9734,1,1
CISNIA37X86R911F,Tyne,Spurnier,Dapin,189,71137,VU,1966-02-13,tspurnierbq@wikispaces.com,714-275-1344,1,0
CIUMMV12E77J488H,Greg,Scandred,Mcguire,106,01871,NF,1964-06-10,gscandredb7@prnewswire.com,143-874-1468,1,0
CIZGWH45Q71V543Z,Bartolemo,Bonds,Paget,115,07258,YS,1970-02-10,bbonds3p@github.io,419-933-3090,1,1
CJYQYU53W30L121K,Markos,Tunnicliffe,Pleasure,154,55123,HR,1965-05-22,mtunnicliffeat@mail.ru,364-464-0927,0,1
CMCUWG68Z66E180Y,Clarie,Bartkiewicz,Kedzie,93,54537,XL,1999-07-03,cbartkiewicz1c@addthis.com,700-796-6335,0,0
CMLSSG55R10Q449G,Emmi,Bartomieu,"Fair Oaks",60,17552,VY,1966-01-30,ebartomieuff@newsvine.com,453-262-2563,0,0
COYIRX31P49G975F,Barry,Ledington,Eastlawn,196,84934,TG,1988-05-07,bledington6b@rambler.ru,984-157-7408,1,1
CPNRZQ53H82G977R,Laina,Drynan,Eastwood,66,07866,EQ,1975-08-26,ldrynancb@bandcamp.com,826-814-7809,0,0
CPULBG17D63F210P,Bibby,Castrillo,Roxbury,120,89075,DS,1956-03-23,bcastrillo67@wikia.com,502-688-0053,0,1
CRHCTO21J03R505S,Madelon,Topley,"Del Sol",70,09643,RW,1953-08-22,mtopley73@uol.com.br,744-812-6823,0,1
CRIAYT32Y63Y307L,Rurik,Doddemeade,Shopko,194,64193,JZ,1958-09-06,rdoddemeade8j@pcworld.com,744-499-5834,1,1
CRTPBS99Q85C136J,Avictor,Rivitt,Lunder,88,07420,VG,1980-05-28,arivittaj@photobucket.com,998-735-8597,0,0
CSCMUO97U23R747T,Jock,Jelf,Prairieview,17,28157,JA,1970-09-12,jjelfci@cdbaby.com,119-990-9940,0,0
CSLOLY28G46O506M,Mariette,Breissan,Express,157,26424,XY,1994-05-13,mbreissanc6@pbs.org,631-568-3131,1,1
CSYYKE38D68U746H,Sergeant,Oak,"Maple Wood",27,47473,MK,1953-12-20,soak9u@xing.com,654-240-4115,1,1
CSZPWG62Y24W749W,Stacee,Phythean,Brentwood,142,37198,SP,1950-09-30,sphytheanau@opensource.org,699-466-9186,0,0
CTHEMC80L01Z859X,Mitchell,Timcke,Butternut,149,54345,XT,1952-12-03,mtimcke6u@si.edu,776-542-3479,0,0
CXDOXL88Y23Q196N,Adrianne,O'Dulchonta,Loeprich,12,37553,BX,1956-06-12,aodulchontas@example.com,667-160-9374,0,1
DALWZV82F51P785Y,Sheppard,MacConchie,Division,39,46238,PI,1991-12-05,smacconchie32@nydailynews.com,234-262-0996,0,1
DBEDTD56U37T799A,Eula,Kless,Superior,144,69282,YZ,1983-01-08,ekless39@mtv.com,967-138-4552,1,0
DBLGDH64L13N537B,Mallory,Kidds,Comanche,95,70190,HK,1971-12-31,mkiddsa5@weibo.com,528-854-5189,1,1
DCMJRR90M88C198Y,Jeramie,Heed,Columbus,164,11063,QZ,1982-01-13,jheed16@techcrunch.com,767-277-6176,0,1
DDPEQF88V09C680E,Sandye,Fowgies,Farmco,188,05474,LA,1962-05-13,sfowgies4u@home.pl,278-770-3433,0,1
DEUOAW10N04S873S,Karalee,Rosgen,Hansons,144,42459,ZO,1964-10-19,krosgendn@flickr.com,108-816-9846,0,1
DFFNHO36V42C587H,Mathew,Aldous,Mcguire,161,33603,QE,1964-12-17,maldousef@geocities.jp,226-471-1355,0,0
DFUOAM84R76I251I,Wynny,Thonger,Butternut,96,81508,CN,1954-05-11,wthongeral@amazon.com,313-825-3058,1,0
DJGAIX92U95M851O,Melissa,Poynton,Welch,110,09100,AX,1972-08-11,mpoyntonho@livejournal.com,407-743-5247,0,1
DJJRDE55J30H817D,Leeann,Lukesch,Ludington,136,47242,ID,1954-07-26,llukesch3c@time.com,938-285-9512,1,1
DJQLIS80B95H293O,Abba,Lavington,"Park Meadow",75,65854,AW,1953-08-03,alavingtonf4@jiathis.com,123-116-7549,1,1
DKZWBB14C41Z230R,Tomasine,Eastbury,Troy,162,21007,RU,1994-10-28,teastbury5s@go.com,577-867-2858,0,0
DOOGOW03N80C625T,Creight,Mundow,Spenser,109,73038,TF,1990-07-23,cmundowf0@narod.ru,389-577-5932,0,0
DPJSBJ29Z52F587B,Fitzgerald,Rubroe,Bluejay,59,74623,BE,1958-11-10,frubroedp@about.me,404-102-5423,1,0
DQBXBH84Q87T608G,Julianna,Salaman,Starling,38,73622,JU,1972-08-31,jsalamanhk@ocn.ne.jp,664-736-1333,1,0
DSBUDI18L98T470M,Phylys,Greenhouse,Mallory,11,94516,YP,1958-10-27,pgreenhousedm@elpais.com,676-115-3221,0,0
DSPNJX53V75L306Q,Ashla,Sebring,Lunder,189,87289,UW,1992-12-07,asebringn@ucoz.com,112-940-6028,1,1
DTNHEY49U97A228M,Stu,Duker,Bayside,4,69253,UD,1954-05-30,sduker5f@instagram.com,617-844-6840,1,1
DWQZXD25E75I103A,Hortense,Darragon,Butterfield,24,97152,DK,1991-01-12,hdarragon7a@chron.com,819-300-9901,0,0
DWZGPH36V95T072R,Carce,Silber,Farragut,57,05220,VS,1957-04-30,csilberhn@chron.com,194-943-6056,1,1
DWZMZP55Y31F505B,Say,Marder,Pierstorff,15,93698,DV,1979-02-20,smarder71@delicious.com,814-660-9654,0,0
DXDGKX90W87Y932Z,Bianca,Skryne,Dryden,9,72185,FO,1997-08-24,bskrynefo@cafepress.com,279-916-9553,1,0
DZETJN50Z07U534A,Ophelia,Ratcliffe,Pearson,195,42633,TI,1963-09-24,oratcliffe5o@imdb.com,108-561-3293,1,0
DZQAUI01M19N283J,Matthias,Keniwell,Elka,60,71840,OC,1976-12-19,mkeniwell1y@tripadvisor.com,137-813-0031,1,0
EATKAY62C60F452G,Adel,"de Verson",4th,132,35223,ED,1990-08-25,adeversong8@usda.gov,630-194-5759,0,0
EAUIWW04C99F792C,Fielding,Messer,Buell,193,89704,BI,1991-06-28,fmesserbm@mac.com,145-338-6320,0,1
EBIHQX29V65J947C,Amanda,Wattisham,Arapahoe,136,50202,ML,1964-05-10,awattishamhc@army.mil,719-693-0729,1,1
EBOLCV84Q24N774C,Reina,"De Moreno",Carberry,171,95143,ZM,1988-11-30,rdemorenoam@google.co.uk,144-356-2186,1,1
EDBUTE39P82O708W,Korry,Duignan,Sundown,118,25956,VZ,1997-10-20,kduignan9q@4shared.com,817-159-9165,0,1
EGICTL18J48C931J,Marinna,Twatt,Anniversary,183,87463,DW,1957-11-08,mtwatt6f@samsung.com,884-445-4568,0,0
EGNNSQ58I21V072T,Dolley,Smedmore,Vera,182,85520,AT,1957-06-20,dsmedmore6s@ehow.com,802-845-2645,0,1
EGPDVE64N89B221X,Massimo,Arnoult,Canary,43,73517,MB,1972-02-02,marnoulthg@marketwatch.com,571-492-6269,0,1
EHFCZR29V05E294F,Diandra,Birtwistle,Logan,47,75578,YN,1987-05-28,dbirtwistle1h@tuttocitta.it,107-132-8147,0,1
EHGLZS25F40M201I,Hi,Waddoups,Tennyson,153,67828,RW,1971-09-02,hwaddoups26@cmu.edu,290-959-0814,1,0
EHIYIY02F44R920V,Olimpia,Raubheim,Schmedeman,48,55077,WO,1979-05-03,oraubheim7r@google.es,761-478-7803,0,1
EHNKGS82J60Q385Z,Meredithe,Proudley,Bellgrove,140,31286,VE,1975-05-04,mproudley3t@nyu.edu,791-479-7616,1,0
EHXKQC03V42U058H,Janene,Forcade,Browning,103,17477,KB,1952-07-05,jforcadee@sciencedirect.com,284-277-5437,1,0
EKOTEO03D79C695W,Conny,Pounder,Florence,123,92527,CA,1976-11-24,cpounderhl@over-blog.com,912-521-2628,1,1
EKTWSF47Q88T113S,Cherilyn,Filler,Pawling,196,59679,QO,1985-12-14,cfilleru@mediafire.com,623-454-7652,1,1
ELNUNK04G89J271U,Ransell,Curle,Moose,109,18659,XM,1997-11-24,rcurleh8@so-net.ne.jp,503-177-9683,1,1
ELUDKT58E99W853M,Patty,Corbet,Brown,34,29532,HO,1967-08-24,pcorbet4e@soundcloud.com,712-603-9895,0,0
ENEGRD73I87H140X,Phebe,McGuigan,Talmadge,11,51321,NM,1999-06-20,pmcguigan9x@smh.com.au,265-912-7641,1,1
ENWPSW44Y66V760J,Spencer,McAreavey,Rieder,78,65762,QE,1970-03-04,smcareaveybp@e-recht24.de,587-778-1952,0,1
EOGILT29G79E685A,Cristi,aManger,Bluejay,129,99435,VH,1951-08-07,camanger9v@blogs.com,715-763-7036,0,0
EOMSOR51V87B400W,Jenilee,Borgne,Ilene,125,01098,ZX,1957-11-03,jborgne83@tripod.com,570-663-5076,0,0
ETXEQZ63M57Y944B,Renaud,Tuffley,Toban,49,87674,SE,1991-10-10,rtuffleye3@earthlink.net,778-840-1218,0,1
ETXKVQ18D71H299N,Alaster,Simpkins,Carberry,97,53076,KI,1987-09-01,asimpkins9t@usa.gov,203-969-4055,1,1
EUFYNR16X90S631F,Estell,Metherell,Prairieview,154,61104,WU,1952-07-30,emetherell2u@weather.com,209-945-3114,1,1
EUJURP79S37H611F,Rina,MacRonald,Fremont,197,72033,VP,1956-02-13,rmacronaldbo@trellian.com,599-947-0113,1,0
EYYOEX12Q17N698E,Jordanna,Kibel,Glendale,6,63223,WT,1985-12-06,jkibel5u@unicef.org,418-247-2060,0,0
EZLSOV40Y29F786I,Georgi,Buy,Spenser,15,72385,XJ,1992-12-08,gbuy9n@springer.com,434-358-9147,1,0
EZYMIQ77V21P502Y,Corby,Takis,Ludington,20,77530,EA,1971-09-02,ctakisaa@ameblo.jp,211-750-9154,0,1
FALDMA79A02E678K,Marysa,Wither,"Lighthouse Bay",42,46271,VH,1979-09-02,mwither2z@mysql.com,169-427-1343,1,1
FCAWUP75Q15I032U,Alessandra,Entres,Dawn,68,16923,GG,1991-02-11,aentres6q@1688.com,915-617-8704,0,0
FCQEBD85K57Y491T,Vernon,Redhole,"Pine View",195,51297,SE,1984-12-12,vredhole78@woothemes.com,249-900-1078,1,1
FCQFMO06I95N178B,Briney,Passman,Stuart,156,55772,PG,1970-09-21,bpassman4q@buzzfeed.com,590-998-9635,0,1
FEQZTT01K44U855V,Andriana,Bendixen,Michigan,172,37865,LC,1954-01-17,abendixeng1@foxnews.com,983-464-5818,1,1
FGMJRD88J96G212Q,Jazmin,Hubach,Rigney,85,96709,ZB,1997-11-03,jhubach8r@instagram.com,379-413-6062,0,0
FILXNU71F40Y532I,Chick,Doyley,Eastwood,197,07069,GE,1989-05-28,cdoyley4p@ehow.com,490-135-7443,1,1
FJSLFG44R01P543M,Cherilyn,Kuller,Nobel,159,81565,PB,1983-04-06,ckuller9p@sbwire.com,747-819-0140,0,0
FOQKFL09D13W363F,Cornelia,Stacy,Schlimgen,102,18687,KL,1951-12-06,cstacyfk@prlog.org,374-915-7736,0,1
FPYJIE60Z73E367L,Rea,Meaney,Elka,116,22629,QO,1955-06-24,rmeaney6n@e-recht24.de,810-563-2544,1,1
FSBNIR39R17J032J,Clarice,Yuille,Dryden,41,89637,SM,1998-11-07,cyuille35@patch.com,371-338-6636,1,0
FSRJUM14V56U599I,Burtie,Shouler,Northfield,111,00494,TY,1954-11-13,bshouleri1@illinois.edu,899-704-6645,0,1
FUSUHO44U43I689Y,Wayland,Curme,Birchwood,142,44965,AP,1973-10-29,wcurmebd@latimes.com,940-457-9934,0,1
FWVOJZ20U92W055X,Herb,Lindegard,Center,117,41909,HX,1974-03-01,hlindegardbk@wikispaces.com,934-539-5689,0,1
FXACIK81U79E115A,Pammi,Jirak,Milwaukee,53,24627,ML,1977-05-25,pjirakae@springer.com,184-928-0030,0,0
FXBURD91V00A303F,Cobb,Broose,Debs,120,47328,PM,1998-05-11,cbrooseaf@ustream.tv,742-432-6811,1,0
FXECZY22W46H093X,Leora,Ralston,Green,87,62261,UX,1967-05-08,lralston1k@nydailynews.com,752-806-4611,1,0
FXOYRG91J41I596S,Jeannie,Gounin,Eagan,106,28537,FQ,1969-05-19,jgouningn@ca.gov,743-562-5845,0,0
FZYAOX04T15C227A,Marianne,Godsmark,Commercial,169,05808,UW,1981-05-10,mgodsmark9y@issuu.com,283-589-6397,0,1
GAMPWW61E97D984V,Evey,Stout,Scoville,196,02522,QN,1972-05-10,estout3y@blinklist.com,499-458-6274,0,1
GAPDSM77K05S695Y,Basilius,Tesyro,Dahle,191,00571,ER,1953-04-25,btesyrocj@globo.com,463-657-7574,0,0
GDEGGN69W15E478I,Randene,Elsmor,1st,177,58609,XS,1951-09-08,relsmor62@phpbb.com,633-568-5150,0,1
GEALBL45E73O612Z,Willette,Nicholas,Hauk,49,14252,CL,1964-09-30,wnicholas13@bbc.co.uk,886-863-5190,0,1
GFGGEZ04H97E234R,Gaye,Renney,Washington,195,92709,LC,1977-06-15,grenney2y@fotki.com,173-459-1957,1,1
GGTOVX43I69Q115P,Robbi,Jakoubec,Rieder,20,39772,BV,1957-02-02,rjakoubecea@google.cn,812-590-5570,1,1
GHBQMJ49M60M124W,Thane,Shieber,Esch,33,64470,UI,1967-07-09,tshieber55@cbc.ca,573-108-7990,0,0
GHLCUT76D05E327U,Gina,Pollastro,Manitowish,181,92242,VV,1951-05-12,gpollastrogl@tinypic.com,759-823-5935,1,1
GHYMLE53H34H114R,Estell,Mennithorp,Evergreen,156,19933,LG,1986-03-23,emennithorp82@about.com,310-207-6879,1,1
GICCIN03P68N368D,Spence,Barhams,Kim,160,05976,HK,1993-12-02,sbarhamsg3@free.fr,340-754-0555,1,1
GKALBL56A02C139J,Janene,Taylo,Jay,111,57773,EP,1993-07-10,jtaylob4@java.com,921-466-7077,1,0
GLZRBL21D82K223P,Mella,McClaurie,Lyons,16,59449,YT,1980-09-20,mmcclaurie8h@themeforest.net,859-910-5584,0,0
GPPQGA68G81T117X,Josee,Joffe,Lien,92,38766,HM,1990-08-11,jjoffegy@zdnet.com,548-578-8969,0,0
GPWFZG35E01C104Y,Maridel,Andrasch,Arizona,194,70533,NR,1956-08-28,mandrasch5@redcross.org,585-529-5518,1,0
GQMSFR55I49B521U,Almire,Ughetti,Bartelt,73,19195,DR,1951-09-13,aughettigi@samsung.com,551-470-9533,1,1
GQPZUP25I29C293C,Darelle,Eltone,Melrose,127,69557,BL,1994-10-31,deltonefq@joomla.org,469-657-9490,1,1
GRKZME57G97Z477W,Nicole,Horney,Ilene,27,94890,UY,1989-01-25,nhorneybf@discuz.net,112-368-6110,0,1
GSNRAL69G95D584U,Orv,Orneles,Mallard,33,46927,TZ,1977-11-05,oornelesck@squidoo.com,658-493-2940,0,1
GSPASX24Y35P034I,Giuseppe,MacNeilley,Susan,24,27587,SK,1959-05-09,gmacneilleyg6@taobao.com,782-779-8991,0,0
GVTHTE67W76X522E,Reeta,Huckerby,Stoughton,64,72206,TT,1991-09-22,rhuckerbyeu@com.com,344-392-9486,1,0
GWLLHV17S51F603U,Gabriele,Gallagher,Melrose,86,12250,CM,1967-11-30,ggallaghered@ning.com,707-933-3879,0,0
GWSWCE20P38A006U,Ford,Rosin,Donald,37,78648,OM,1998-07-11,frosin2@mit.edu,854-369-7279,1,1
GXFIED95E59B278B,Corette,Moatt,Eastwood,157,08592,FV,1962-09-11,cmoattb2@kickstarter.com,600-260-2028,0,0
GZEHLR76D39C543A,Ty,Stych,Randy,88,02760,EQ,1960-12-08,tstych43@parallels.com,817-272-0934,1,1
GZJGVO55D81E735F,Creighton,Brisson,Schmedeman,102,94264,XL,1952-05-27,cbrisson42@google.com.hk,269-802-4448,1,0
GZXTGR40I97H498N,Alejandrina,Snowding,Crowley,53,73172,RS,1971-10-24,asnowdinggj@cnet.com,611-473-2612,0,0
HAJEKZ86M57Z707M,Bondy,Buckleigh,Utah,108,01254,AV,1980-10-12,bbuckleigh9a@home.pl,312-260-2955,0,0
HAJUYE51Y25H475B,Mickie,Hulburd,Gale,176,90293,TH,1959-03-02,mhulburdb3@nationalgeographic.com,364-756-8924,0,1
HBQBMH10E35Q167P,Salmon,Rawstorn,3rd,185,63686,KF,1952-09-30,srawstornby@odnoklassniki.ru,745-705-1366,0,1
HEXPBO81L63U701Q,Anselm,Joseland,Russell,51,83692,BT,1998-10-31,ajoseland3l@discovery.com,750-740-4522,0,0
HFHBIX77M04P790D,Sherline,Kemery,"Hollow Ridge",85,39315,ZR,1976-04-07,skemery2h@mozilla.org,420-884-4043,0,0
HFKPJM20B34A909A,Hubert,Polfer,Monica,80,03612,SA,1982-09-27,hpolfera9@wisc.edu,264-232-6416,0,0
HHATWT08D60D062Y,Lauraine,Pechold,Schurz,80,27923,LA,1988-04-04,lpechold5b@hibu.com,970-105-9452,1,0
HHBEPI57O65K856C,Mickie,Sutter,Sauthoff,174,44381,CH,1973-03-30,msutter66@parallels.com,289-905-4312,1,1
HHTIBF31E44D146I,Roshelle,Laugherane,Stuart,166,09777,ZX,1973-06-29,rlaugheraneak@eepurl.com,577-299-4383,1,1
HKGSWS83V01P425N,Hilde,Janaway,Trailsway,123,20933,WA,1961-05-06,hjanawayx@surveymonkey.com,833-145-5284,1,1
HMMWBL16E21W701X,Elliott,Luciano,"Di Loreto",153,58949,NT,1951-03-14,eluciano4l@wikimedia.org,277-256-7692,1,0
HNIKRQ55V95I176E,Truman,Henlon,Truax,123,09695,WS,1999-07-22,thenlon52@miibeian.gov.cn,912-801-0714,1,1
HOBWBO65C48D721M,Ellis,Stinson,Barnett,94,52124,DT,1976-08-08,estinsonbl@ning.com,585-612-1882,0,1
HOFNMG10T17C861H,Constancy,Polglaze,Thackeray,37,55075,HU,1978-05-04,cpolglaze8k@blogger.com,548-936-4149,0,0
HSIDYJ93N93N715V,Grady,Casillis,"Park Meadow",86,00394,YC,1974-04-15,gcasillis60@myspace.com,539-824-8200,1,0
HSRPCH35V50I132Y,Garv,McGairl,Scott,133,20841,HO,1965-03-24,gmcgairldy@behance.net,562-204-9337,1,0
HTOTRQ04A62J412T,Terry,Iczokvitz,Kings,35,21326,ZJ,1982-08-04,ticzokvitz4m@amazon.de,752-645-2870,0,0
HTTUBV34H99Z729I,Calida,Smeath,"Green Ridge",67,66759,UN,1986-12-09,csmeathex@irs.gov,751-873-0976,0,1
HUBMJU96H67W008J,Rupert,Seawright,"Bunker Hill",119,13875,XS,1962-01-28,rseawright8l@creativecommons.org,927-860-5841,0,0
HVYDZC52N40G147U,Shoshana,Eckly,Carberry,179,56095,KZ,1984-11-25,seckly19@opera.com,854-183-3063,1,1
HXJRYW27C89O640E,Derby,Gheeraert,"Crest Line",135,13400,JA,1978-11-15,dgheeraertee@netvibes.com,690-677-8499,0,1
HYCKWG44E89U808X,Elwyn,Jacobson,Leroy,27,61341,CQ,1957-01-21,ejacobson9k@booking.com,951-329-3259,0,1
HYEVIR65R13R863T,Jard,Jedrysik,Surrey,117,68783,PR,1979-07-27,jjedrysik8z@storify.com,687-879-8512,0,1
HYGYDE43Y42E709K,Brandise,Liger,Transport,67,79934,BE,1972-01-07,bliger9h@ed.gov,406-196-0758,1,1
HYLXBN78J36R898E,Hatty,Drohan,Anderson,190,89375,MJ,1972-09-01,hdrohan5j@flickr.com,621-193-7698,0,0
HZAVUY41G66L333X,Danice,Sibylla,Hudson,32,58823,XZ,1972-12-09,dsibylla7j@diigo.com,502-692-5269,1,0
HZDXMV23F80T736B,Gavan,McCaughey,Basil,160,87191,VT,1965-06-04,gmccaughey6c@hhs.gov,665-189-8620,1,0
IABKUK22Z37D061M,Paule,Stoves,Lawn,22,81743,AL,1954-09-10,pstovesen@printfriendly.com,384-996-5682,1,1
IAFUPZ19J05E550G,Edithe,Menere,Blackbird,53,11331,VH,1972-02-23,emenerecp@amazon.com,585-411-4503,0,1
IAOUMG04K38E652L,Shel,Kemet,Lakeland,178,32359,LD,1961-08-01,skemeta6@eventbrite.com,212-346-0551,0,0
IAWVLN99S17U984P,Spence,Rigby,Chive,135,88766,IB,1980-07-11,srigby10@taobao.com,649-919-0903,1,0
ICXBOO62C46X083E,Consuela,Craise,Forest,176,81375,XS,1983-04-04,ccraisec7@mayoclinic.com,673-907-1664,1,1
IDNEDA42K99Z105D,Arlyn,Sturzaker,Green,98,81029,EE,1977-02-25,asturzaker87@taobao.com,363-271-5093,1,1
IDUATR61E69Y654E,Yule,Medlar,Huxley,84,81977,AI,1960-01-22,ymedlarcs@hexun.com,559-842-3238,1,0
IEAETI56B55X340Q,Xymenes,Blakeman,Pawling,167,25699,DP,1988-08-19,xblakeman48@go.com,780-463-6451,1,0
IEKRHG06F93D704R,Kimmy,Dodworth,Dwight,145,86229,LZ,1974-02-16,kdodworthgm@photobucket.com,781-982-5611,0,0
IGMUSX66C80A459K,Krista,Worthington,Independence,6,03758,BJ,1962-02-27,kworthingtonp@nba.com,842-487-0267,1,1
IJOPLL06H77E285D,Patsy,Gallanders,Hanson,13,96754,BE,1995-06-17,pgallandersar@nymag.com,380-734-7795,0,1
IKCAYP92R66W837J,Jarib,Blooman,Loftsgordon,90,05681,TP,1976-08-17,jblooman45@sun.com,944-660-0484,1,0
ILTAYP92M19Q402T,Lari,Exposito,Steensland,83,23180,GQ,1952-05-23,lexpositodj@mozilla.org,393-956-6054,1,0
ILXSYS95V29Y914C,Barthel,Gallahar,Warner,145,92025,RC,1994-01-15,bgallaharfu@skype.com,397-367-6163,0,0
ILZDWE20K83Y397L,Jozef,Seefeldt,Oak,123,17209,CH,1991-01-03,jseefeldtgw@goodreads.com,132-630-3925,0,1
INATPH26Y99J455X,Theresa,Alwell,Kedzie,58,49476,LE,1999-03-06,talwellge@artisteer.com,502-623-8202,0,0
IOBQVR53N58E774O,Gorden,Sharples,Kipling,52,84153,WV,1966-02-26,gsharplesdo@163.com,394-113-6630,0,0
IQGGJB53F05P328N,Perren,Weeks,Iowa,182,49819,IV,1988-03-12,pweeks6v@diigo.com,385-453-3892,0,0
IRJGGA40T64O781I,Brig,Avesque,"Doe Crossing",181,45084,PE,1989-11-25,bavesque7f@ihg.com,687-736-3452,1,1
IRLOLE16F76S902D,Letitia,Urwin,Grover,171,03659,SE,1968-01-11,lurwincx@qq.com,963-800-9199,1,0
IUAUCC59K14V403A,Merci,"Van der Kruijs",Donald,68,28214,CT,1982-10-18,mvanderkruijs8a@wsj.com,953-914-2185,1,1
IUQBNZ58M84D403V,Billye,Hubane,Jana,71,99167,MN,1996-09-19,bhubanea@clickbank.net,490-156-6155,0,1
IUXDBN89V15W788F,Merrili,Stathers,Lawn,163,34854,PY,1977-08-26,mstathersbh@jimdo.com,379-710-8653,0,0
IVVAMK71D96D702P,Katha,Phillippo,Surrey,90,62657,NW,1998-09-16,kphillippo6e@cbsnews.com,246-182-3237,1,1
IYHSYU20Q02A647R,Franklin,Eynaud,Dorton,75,08271,LT,1977-06-08,feynaudc4@smugmug.com,778-691-7178,0,1
IYKGAC57W28G210C,Suki,Butner,Farmco,145,02481,BN,1988-06-06,sbutnerbx@unesco.org,467-610-4880,0,0
IZBFGJ41J12C598M,Norean,Peachman,Rutledge,161,84205,XW,1993-10-22,npeachman6l@behance.net,941-969-6296,1,0
JDIHAJ88T19B837X,Jere,Reggio,Village,83,88382,VV,1981-01-13,jreggio7m@apple.com,548-741-1985,1,1
JERYSF73Y93B513L,Bartholomew,Cornish,Nancy,39,44467,MU,1956-04-29,bcornishbn@dyndns.org,818-795-3192,1,1
JGDBLD94B73O030A,Levi,Goldstone,Jenifer,44,74483,GO,1971-12-26,lgoldstonefr@xing.com,743-136-8521,1,0
JHSBBG81L95Q613T,Joscelin,Hubane,Oxford,47,55657,LU,1978-04-23,jhubanecy@oakley.com,173-919-1346,1,0
JLUPWM20S83Y744O,Alphonso,Hurling,Hoard,83,18990,KE,1970-12-30,ahurlinge4@squidoo.com,865-435-4587,0,0
JLUVDA46I64N566F,Mellicent,Lorrain,Parkside,70,21289,RL,1979-11-23,mlorrain4k@nyu.edu,724-688-4464,0,1
JMUXTL76E61K587D,Teriann,Bartoletti,Warbler,188,08541,VV,1990-12-02,tbartolettihj@blogs.com,577-380-7172,1,0
JNJFET65S81O245C,Kristal,Preshaw,Marquette,22,58213,IN,1980-12-25,kpreshaw7b@umn.edu,305-212-8009,1,1
JOKOST95I95X208Q,Klement,Calliss,Jay,189,41712,ZJ,1995-03-10,kcallissh0@soundcloud.com,160-238-9917,0,1
JOVLUY56Z91R771P,Selma,Huddles,Mesta,68,00368,HP,1988-03-29,shuddlesf2@soundcloud.com,104-388-1612,0,0
JPWCCU96Z01U860M,Jania,Davage,Algoma,47,67098,UH,1952-05-22,jdavage53@google.com,214-387-9023,0,0
JQJNZR80E43T845L,Thaine,Robbe,"Ridge Oak",162,32525,LK,1980-01-10,trobbehm@unesco.org,760-892-6439,0,1
JRDJBP14T62B193U,Franklyn,Burtonwood,Monument,65,17532,RY,1971-08-12,fburtonwoodcg@dell.com,476-792-8545,1,1
JTGHVB47L45I393J,Rod,Pilmoor,Mandrake,185,59102,GU,1952-11-02,rpilmoorcf@sfgate.com,146-633-4520,1,1
JTULLO61Y25S823R,Terrell,Neve,Basil,25,53210,CQ,1950-02-14,tneve27@homestead.com,712-988-4049,0,1
JURDIO91T26L636V,Rose,Nicklen,Carpenter,52,77493,BJ,1966-03-13,rnicklenbc@tinypic.com,868-871-4407,0,0
JWJRKS75L66A909O,Tabitha,Cloonan,Myrtle,74,10055,UU,1952-12-13,tcloonan1x@quantcast.com,324-731-0445,0,0
JXHMYX86W94N195Y,Rochella,Jell,Anzinger,124,85597,UD,1984-04-02,rjell8i@google.fr,599-436-2935,0,0
JXJDGT67V10U184X,Bunni,Stickney,Beilfuss,82,81514,LI,1984-10-15,bstickney9f@eventbrite.com,769-241-4066,1,1
JXXMKP32J41O620W,Buffy,Holburn,Eggendart,192,91228,SO,1972-09-21,bholburn1v@istockphoto.com,844-883-2464,0,0
KAXIBF41S45E960C,Rina,Backe,Toban,73,59230,KC,1997-12-10,rbackedg@sun.com,111-755-8479,1,1
KCGLJS68H10V339V,Forester,McCarlie,Killdeer,37,83537,LE,1966-02-01,fmccarlie1n@telegraph.co.uk,400-624-1948,0,1
KDHSXC24K95N963X,Krystalle,Katt,Arrowood,67,78525,GX,1958-03-29,kkattfd@prweb.com,525-425-5992,1,1
KEWNPU87R60M051Y,Blair,Bleas,Jenifer,75,84352,ZL,1998-10-18,bbleasg0@amazonaws.com,771-470-8341,0,1
KGWCCR64N20M371K,Vivie,Maffiotti,Alpine,143,48935,PF,1993-05-22,vmaffiotti68@cyberchimps.com,162-786-5543,1,1
KHIYLK89L23N623A,Amanda,Maybury,Hintze,96,66882,HA,1969-03-11,amayburydd@yahoo.co.jp,768-409-8448,0,0
KHNGVR24U57B585S,Hesther,Dulin,Dixon,80,12330,SD,1985-05-26,hdulin9l@vimeo.com,667-367-6911,0,1
KJALBE02P35I118P,Berk,Daveren,"Doe Crossing",133,21307,MA,1995-02-09,bdaveren36@myspace.com,491-331-4831,0,1
KKJDCG64V27L600K,Michaelina,Frill,"Fair Oaks",103,11712,VH,1973-09-19,mfrillch@ocn.ne.jp,214-386-4456,1,1
KMBTGP70Z45S770R,Berte,Heggadon,North,28,52017,JQ,1993-12-02,bheggadon85@parallels.com,172-885-1157,0,0
KMPGHY22U71K207Q,Dwain,Codman,Mcguire,13,59132,AW,1993-08-09,dcodmanfj@si.edu,786-516-6129,1,0
KNQBZU56W79E359J,Welby,Fenty,Eliot,141,24127,EH,1999-01-14,wfentydi@yelp.com,852-226-9263,0,1
KNROCO54P56H810X,Way,Siebart,Killdeer,137,89625,ED,1962-03-28,wsiebart1r@is.gd,945-602-5208,1,0
KSDJJH71U00Y725P,Malorie,Schieferstein,"Forest Run",84,57233,NT,1995-01-02,mschieferstein6g@reference.com,822-950-5701,0,1
KUEUPW36X45Y362Y,Dick,Eskell,Florence,24,03391,AA,1952-05-23,deskell4i@dion.ne.jp,424-122-6913,1,0
KUYMGU73Q91J876N,Ashlie,Bernier,Fairfield,5,79362,DO,1982-01-08,aberniergf@youtu.be,145-965-4321,0,1
KWAQDB74C35Z586L,Kirsti,Lowers,Hermina,165,16753,YR,1950-08-18,klowersag@posterous.com,157-656-1690,1,1
KXSWDX00A22S153A,Adrianna,MacNair,Cardinal,36,21098,ZS,1968-12-13,amacnair4r@skype.com,953-495-6225,0,0
KYDNFZ29V38P640C,Michaella,Rosenbusch,Arapahoe,109,31463,ZX,1950-01-21,mrosenbuschf6@cyberchimps.com,613-586-7264,0,1
KYJCJD28C91F907R,Rodi,Rasch,Clove,10,30383,AU,1966-09-27,rraschcd@imgur.com,199-373-2633,0,1
KYMCSM73C48N347N,Joice,Woakes,"Doe Crossing",77,94822,IY,1996-05-21,jwoakesfi@ftc.gov,883-646-7889,1,0
KYWQGO70R46H221M,Raf,Brocks,Fairview,177,08992,CU,1961-10-30,rbrocks3@tinypic.com,153-568-2471,1,0
LEDVMN75Z98U259K,Gauthier,Gordge,Ryan,119,43213,NP,1961-11-02,ggordge9r@weibo.com,972-121-9772,1,0
LHDRMB60W20F484B,Angil,Edwardes,Elgar,148,84279,HB,1952-07-02,aedwardes23@phpbb.com,414-484-7908,1,0
LHIJYW24Z41N901H,Catharina,Dayne,Shelley,20,53306,KE,1985-05-05,cdayne3d@skyrock.com,404-716-2015,0,0
LHSULI77T62O389B,Diana,Rable,Morning,82,04504,YC,1950-04-14,drable89@epa.gov,840-370-2543,1,1
LHTCHR70X78H337Y,Brendon,Lilian,Sunfield,113,17479,GR,1963-05-10,blilian7x@t.co,997-776-5721,0,0
LJGWVZ25B16G064R,Barnaby,Wasylkiewicz,Merry,97,75029,SX,1982-12-29,bwasylkiewiczd6@yellowbook.com,833-483-3302,0,1
LJZAEO13N20W224J,Whittaker,Feldhuhn,Village,106,54295,HD,1990-03-22,wfeldhuhnhb@topsy.com,450-605-7428,1,0
LKJXSC71S73H779Q,Gordan,Christoffels,Mockingbird,187,52779,HJ,1966-08-28,gchristoffels38@topsy.com,980-376-4214,1,1
LKKMMF59H36K486E,Savina,Lethby,"Fair Oaks",71,88899,FY,1979-10-04,slethbyb6@slate.com,420-767-8022,0,1
LKSOAQ00H76A420L,Modestine,Lambert-Ciorwyn,Acker,105,83779,WY,1982-11-16,mlambertciorwynbj@diigo.com,841-230-4511,0,1
LLCWQW56E47X161T,Vincenz,Feldbaum,Independence,46,19126,KE,1967-03-21,vfeldbaum1t@flickr.com,563-581-4690,1,1
LOBCID09L53B317R,Sybille,Spaduzza,Cherokee,32,63860,VZ,1967-05-04,sspaduzza2l@blinklist.com,888-281-9098,0,0
LOSEGH03R19H163D,Lisbeth,Moreinis,Judy,158,77283,MY,1987-07-24,lmoreinis74@scribd.com,983-957-5548,1,0
LPWMRY69X73W341C,Kaine,Levis,Burrows,108,54992,KB,1983-12-23,klevise0@chron.com,290-595-7789,1,1
LPXVQB71D50J378L,Cullie,Grand,Jackson,27,86882,ER,1973-05-26,cgrand4z@digg.com,984-127-7182,0,1
LRGQSJ30V92V352A,Dalston,Dommersen,Leroy,167,58938,CZ,1984-12-11,ddommersen4b@blogspot.com,847-728-7455,1,1
LRKFPS88X29R793R,Enrichetta,Clowton,Ilene,82,87099,SC,1958-06-12,eclowton14@flickr.com,252-700-4860,0,1
LRNKWD99T00O750L,Bette,Spiller,Ramsey,74,02371,NW,1999-01-09,bspiller81@google.pl,598-748-5138,1,1
LSBMFR35B50B743I,Fayina,Wollacott,Pennsylvania,35,04763,JQ,1967-10-11,fwollacott57@over-blog.com,460-169-0481,0,0
LSCQBL92A86T863T,Ron,Dicky,Ludington,4,45949,NW,1986-11-29,rdicky11@networksolutions.com,385-268-4431,0,0
LSFPBQ10U09G931S,Brandise,Gullam,Atwood,182,67643,TO,1950-09-22,bgullam6z@sogou.com,463-642-1265,1,1
LTWOHI06Y22W227Z,Nettle,Kornes,Lukken,124,45195,LZ,1982-10-01,nkornesha@shareasale.com,140-896-0942,0,0
LVHJLH44H26L328L,Aggi,Lyfe,Grasskamp,146,09755,BW,1950-03-13,alyfe2k@cornell.edu,132-709-3171,0,1
LWBTRK66P12E562J,Carly,Ovett,Hoffman,140,26816,XM,1969-12-09,covettgr@tumblr.com,253-628-2410,1,0
LWHQLJ48J26E443F,Remy,Gajewski,Sommers,151,88724,UQ,1969-07-18,rgajewskib9@mtv.com,667-138-5966,1,1
LXHASZ18M88Q640Z,Cyrill,Pugh,Roxbury,127,53713,VR,1996-07-02,cpugh8e@bluehost.com,955-653-6791,0,0
LXRAQZ48V67E614N,Kaitlin,Wrotchford,Brown,3,00002,BE,1960-07-15,kwrotchfordd9@engadget.com,986-437-5836,0,1
LYIKNH46D31R943R,Kai,Gillibrand,Corben,53,19719,IW,1982-09-05,kgillibrand22@si.edu,559-120-9667,0,1
LZCJKW61P36B956M,Stefan,Sommerscales,Anderson,156,97899,NH,1972-06-05,ssommerscalesbr@privacy.gov.au,416-755-8381,1,1
LZYVRC98C75I155R,Cherilyn,Bambrugh,Stuart,91,13079,EY,1982-07-21,cbambrugh9s@arstechnica.com,539-899-7880,1,1
LZYZFZ86Q98M893U,Quentin,Skupinski,Ramsey,117,66253,KH,1984-10-14,qskupinski77@phoca.cz,685-788-8830,1,1
MAMNDW82M71Z785X,Cristine,Harler,Judy,81,31751,MN,1965-03-11,charlerev@google.com.au,908-908-9442,1,1
MBIOWU23F78K866P,Ellis,Filippi,Northridge,39,03497,FQ,1986-10-30,efilippi3h@washington.edu,152-594-6524,1,1
MCABYB02D76T638S,Aurora,Kither,"Golden Leaf",83,78250,XV,1972-09-09,akitherc5@biglobe.ne.jp,137-622-3965,0,0
MCIUZQ98N67S561P,Zora,Cleator,Derek,27,77954,XP,1960-06-10,zcleator4g@usatoday.com,416-505-1948,1,1
MDFAPU17B41H122O,Natalya,Shipton,"American Ash",46,61700,GW,1952-08-27,nshipton1b@eepurl.com,140-712-6680,0,0
MGYFKW26U26W818G,Germaine,Obbard,Nobel,181,26974,MF,1971-08-28,gobbard9j@salon.com,104-964-8013,0,1
MKDYLX10G79E360T,Skipper,Feare,Muir,150,23170,NJ,1982-07-27,sfeareew@godaddy.com,911-752-1615,1,1
MLEWLJ14B56G997X,Shaylynn,Simmonite,Washington,72,77375,HW,1963-02-19,ssimmonite3r@ask.com,159-164-6291,1,0
MLGKBD08Z35O848F,Samuele,Segebrecht,Dahle,82,69919,KF,1955-04-02,ssegebrecht1f@irs.gov,831-301-7192,0,1
MMXLUZ88S71D170B,Vinnie,Jedrasik,Fordem,54,04314,MT,1951-09-18,vjedrasikgz@princeton.edu,106-388-4051,0,1
MNKCAC40J89C632M,Lyn,Kubis,5th,24,64817,XR,1979-06-03,lkubis92@t.co,882-540-9253,1,0
MOHZCD04O41F571K,Grannie,Mintram,Elka,197,33532,OH,1970-02-02,gmintram4a@oracle.com,573-701-8085,0,0
MORJES96W79A609M,Harriott,Bragginton,School,95,29065,RW,1963-06-17,hbraggintonhy@bloglovin.com,228-878-6637,1,0
MOTDTS40Z94X404B,Natasha,Daniello,"Norway Maple",8,88685,VM,1950-08-19,ndaniello54@reverbnation.com,994-716-7528,1,0
MPLEXU49X90D628T,Vaclav,Normaville,Lukken,3,86470,AD,1968-10-13,vnormaville2t@slideshare.net,941-978-3474,0,0
MQBVSE69G24X064B,Amii,Heiton,Beilfuss,131,49574,HY,1985-07-18,aheiton4o@apple.com,766-495-8979,1,1
MQOITN77R10W569M,Rosalie,Donwell,Rockefeller,178,30654,JT,1987-01-04,rdonwell79@altervista.org,885-327-6559,1,1
MQRHFW38P55L584M,Terri,Borres,Kim,171,80954,CO,1995-11-21,tborres8s@examiner.com,729-232-0388,1,1
MRFBHV75F19E331I,Teddy,Reckless,Spaight,111,29567,NP,1958-02-11,trecklessh9@creativecommons.org,191-434-1908,1,1
MRRQBD39M25T250G,Carmine,Sarson,Butternut,92,91103,HE,1980-09-22,csarsond0@cornell.edu,829-721-0880,1,1
MSFNAJ55Y38J946D,Marylou,Hiscoke,Forest,76,48749,XU,1998-10-04,mhiscoke97@princeton.edu,812-175-2472,0,0
MSSUCT96G05K517C,Jeramey,Snelling,Spaight,165,63960,JD,1975-12-23,jsnellingap@ucoz.ru,516-235-3413,1,1
MUOGXW35O40R079Q,Celene,Yakunkin,Burrows,18,93344,QC,1958-06-16,cyakunkingp@youtube.com,146-653-2128,1,0
MWJTXH92S01G540C,Lock,Kitman,Wayridge,58,55323,LU,1959-01-04,lkitmanf5@live.com,763-358-2056,0,0
MXXDSV00E08U505V,Ashley,Pentycross,Coleman,61,63809,SE,1990-01-31,apentycross1a@wunderground.com,356-358-0913,1,1
MXZDCD63C48U147N,Tootsie,Trase,Victoria,121,66405,BF,1968-09-26,ttrase15@msu.edu,273-872-8615,1,1
MYLCYZ41G39C126J,Genovera,Broxholme,Sundown,80,29353,FL,1983-09-26,gbroxholmehs@weibo.com,209-357-4707,0,0
MZJAWA35N98G458S,Anallise,McClosh,Coleman,120,61766,ZK,1982-05-19,amcclosh9e@toplist.cz,396-632-5666,1,0
NABPLF99T42E507S,Indira,Bateup,Lukken,132,40792,BL,1995-04-06,ibateup1o@squarespace.com,687-709-3716,1,0
NANVTP58V02Y142L,Kristy,Nail,"Pine View",85,99323,XK,1974-06-13,knail90@nymag.com,304-815-4640,0,1
NBBTJR38Y98P820S,Arnoldo,Trye,Summerview,138,97099,MR,1963-05-04,atrye4y@is.gd,635-960-0883,0,1
NFSRGR11Y03N801M,Bobina,Gerlts,Evergreen,176,13255,BG,1995-01-25,bgerlts9b@google.com,520-581-6503,1,0
NGSTBW56P06B183R,Lazaro,Reina,Anthes,13,10256,PN,1974-08-14,lreinaq@elegantthemes.com,134-992-3980,0,0
NGXVWJ83M26A237B,Jessamyn,Trevear,Lerdahl,21,87481,HW,1975-10-17,jtrevearht@is.gd,706-596-9987,0,1
NHTZYV84P69K321F,Carmelita,Orriss,"American Ash",186,87179,BV,1954-12-14,corriss2q@nytimes.com,636-155-4661,0,0
NIBKHQ60U35T776C,Katlin,Fonzo,Main,105,47908,NM,1991-06-08,kfonzo1q@ucoz.ru,442-878-6482,0,1
NJKGZH78V67C900S,Cathlene,Scoular,Sunfield,144,14230,EO,1967-05-02,cscoular20@diigo.com,657-186-7547,0,0
NJODBW91S86G879X,Andi,Giscken,Parkside,34,10004,BD,1991-06-13,agisckenan@samsung.com,584-237-4370,1,0
NKYXHT32Y15M087X,Glyn,Stanbrooke,Farwell,72,16062,OK,1964-12-19,gstanbrookegk@vkontakte.ru,127-100-3639,0,1
NKZHSJ02P02N018O,Harley,O'Corren,Sunnyside,128,03265,ZC,1953-05-12,hocorrenc3@theglobeandmail.com,222-738-1378,1,1
NMQOSE81D74G742A,Darya,Shorthill,Hagan,6,89697,YU,1968-04-15,dshorthilldc@reverbnation.com,861-416-0196,1,0
NNASML76Q64W590P,Russ,Boscher,Onsgard,176,84441,BJ,1965-03-18,rboscherdw@admin.ch,106-470-8006,1,1
NPLEXZ00O78X389E,Lorrin,Coppock.,"Mariners Cove",23,14591,TR,1981-10-12,lcoppockep@pcworld.com,263-366-4729,0,0
NQBBGM31A89H759B,Bengt,Flute,Evergreen,74,02484,TC,1950-02-25,bflutecu@cisco.com,257-651-3907,0,1
NQOCHT74K58B795A,Arney,Jereatt,Aberg,21,76671,AX,1963-01-30,ajereattbb@columbia.edu,136-140-6169,0,0
NRSYHA44V18I499Z,Park,Franzetti,Katie,105,70540,JQ,1982-11-02,pfranzetti7v@purevolume.com,937-361-0985,0,0
NRTUXV39A89B356W,Winne,Pass,Waywood,33,05625,EZ,1978-01-05,wpassdh@bloglovin.com,137-485-4571,0,1
NSIHFG73N73I089I,Woodman,Tanfield,Mallory,2,87505,CA,1992-08-30,wtanfieldgt@newsvine.com,229-289-4610,0,0
NTSZUG77F81W172E,Roseanna,Thunderman,Dryden,135,69241,TD,1987-09-29,rthundermanfv@imgur.com,961-519-8862,0,1
NUOJUU31A45U320R,Mona,Cadore,Elgar,99,68929,ZT,1968-02-08,mcadore2x@netlog.com,299-283-2895,1,1
NUXFNE88B80P060K,Biddy,Edney,Heffernan,10,79647,SV,1995-12-04,bedneyfn@wunderground.com,202-788-8551,0,1
NWWLEM13X36Q264E,Esmaria,Boxer,Welch,56,54389,DL,1982-03-02,eboxer7n@cnn.com,121-384-2938,1,0
NYRFJW88R21G018A,Harrison,Blockley,Vahlen,194,50521,XA,1960-03-18,hblockleyfc@usatoday.com,603-437-6135,0,1
NYWWPA15Y74D784U,Denna,Delmonti,Esch,89,48350,TO,1968-01-12,ddelmontic8@dion.ne.jp,694-831-3019,0,0
NZKDTB88N83Q628F,Tate,Briston,Erie,57,93762,RU,1994-11-04,tbristoni0@va.gov,797-215-7749,1,1
NZTPOG93N25M187A,Lynda,Gras,Mcbride,24,64604,RG,1998-12-19,lgrashe@elegantthemes.com,211-905-3403,0,0
OBCPNB47W37D727O,Debra,Sparwell,"Clyde Gallagher",32,93480,AB,1993-05-17,dsparwell1@tinyurl.com,447-685-3394,1,0
OBMZOY88C44Z114M,Vina,Gascoigne,Thackeray,155,61870,EM,1956-04-28,vgascoigne1j@netlog.com,500-325-7443,0,1
OBSAYK46W87D210D,Barbaraanne,Dagleas,Delaware,188,91433,CU,1976-12-22,bdaglease6@nih.gov,989-497-3714,1,0
OBSMEQ81Y12E324F,Elly,Wilsher,Fairfield,100,56907,JY,1994-06-20,ewilsher3j@vistaprint.com,193-835-4184,1,0
ODAOBR73F09Q200J,Guglielmo,Gilffilland,Hanson,143,47111,RG,1979-02-11,ggilffillandbe@phpbb.com,684-215-2582,1,1
ODJTWZ83E34Y358P,Thia,McKinie,Walton,71,30388,MU,1950-08-15,tmckinie6@tamu.edu,214-641-5251,0,0
OFUZHT46A46F150C,Ingrid,Broomer,Mockingbird,183,64863,BO,1958-12-05,ibroomer96@hatena.ne.jp,719-118-9769,1,0
OHIGNH41D64K664W,Kerr,Skone,Northwestern,109,26435,UR,1950-06-29,kskonedv@telegraph.co.uk,685-791-0126,1,0
OHNRPS67N28P611D,Alard,Elsmere,Thierer,17,37164,TZ,1968-04-16,aelsmere3s@npr.org,326-776-2019,0,1
OICNGB68T51X003N,Kaylyn,Luddy,Raven,182,13730,MH,1986-03-28,kluddy4s@theglobeandmail.com,537-141-0684,0,1
OIMLAU06U16T552F,Karalee,Beig,Lawn,39,18313,TR,1969-07-29,kbeig51@live.com,280-988-1606,1,1
OIUNUQ80E17J481V,Lauralee,Thon,Prentice,124,82337,KN,1950-04-12,lthon7p@mac.com,450-874-1649,0,1
OIXYPM49L28E532J,Tricia,Lambot,Paget,120,51380,LD,1958-04-24,tlambotds@redcross.org,815-427-0185,1,0
OJTTKQ18U59R405T,Laurice,Paolacci,Banding,96,37805,YN,1972-04-11,lpaolacci5g@unicef.org,577-649-7375,1,0
OJWXGA69F45E515X,Tait,Davson,Quincy,197,74128,UJ,1963-04-29,tdavson3x@pagesperso-orange.fr,373-486-0079,0,1
OJZQXD44V55I204E,Allianora,Lashford,Hintze,35,89458,JA,1960-09-02,alashfordc9@chronoengine.com,674-564-6326,1,0
OLCDAV80O46K162E,Westley,Giblin,Ruskin,123,39051,OR,1986-06-11,wgiblin2j@mit.edu,226-101-0488,0,1
OMASMN29R87E201T,Rodrick,Balsdon,Alpine,119,28424,XO,1973-05-11,rbalsdonfg@etsy.com,326-405-9259,1,0
OMKUPJ24M62W183K,Cointon,Ebbage,"Stone Corner",87,30782,BP,1972-04-07,cebbage5l@cafepress.com,115-194-5280,0,0
ONVKJV29N38D056E,Pen,Garshore,Stang,42,23650,CN,1971-10-04,pgarshore6o@wisc.edu,727-889-0056,0,1
OPNAIG85M54F495X,Rubia,Eckery,Mandrake,25,80253,EV,1956-02-14,reckeryh6@g.co,462-204-8235,0,0
OPUUJD73B87X302U,Dugald,Lamden,Butterfield,152,97482,AP,1980-04-16,dlamden5y@nasa.gov,514-135-3188,0,1
OQGUEW45J68Z708Q,Nobie,Bruna,Bayside,118,69976,FS,1977-09-23,nbruna3w@tumblr.com,790-618-6066,1,0
OQMVMT12S91T266A,Brendin,Baison,3rd,74,34361,FR,1997-12-18,bbaison4w@istockphoto.com,573-113-2392,1,0
OTGPQC58Z84Z320S,Horton,Pepi,Crownhardt,48,62192,OH,1985-10-29,hpepi3a@usda.gov,559-795-2184,1,1
OTHWHS33G25Y812P,Karlen,Hemerijk,Bartelt,89,46163,SF,1985-04-08,khemerijk8m@e-recht24.de,505-866-8660,1,1
OTTXZS80A87M245J,Paola,Bouchard,Reindahl,63,22660,QK,1952-03-30,pbouchardhi@xrea.com,851-692-3460,0,0
OWJPBB08U91T126G,Louis,Silversmid,Hoffman,54,58421,YO,1995-07-12,lsilversmid3n@blog.com,306-494-9864,0,0
OWODGH29Z88K016T,Tomi,Morfett,Sutherland,31,47789,LW,1988-07-30,tmorfettga@businessweek.com,167-496-9179,0,0
OXFOHA06N36J222R,Helga,Garrison,"Bunker Hill",87,50328,YG,1994-06-14,hgarrisong@wikipedia.org,116-530-7418,1,0
OYADTM49B04K603P,Deedee,Batie,Anthes,186,68998,CU,1979-01-17,dbatie9m@sitemeter.com,895-683-4948,0,0
OZHCVA09Z10X338T,Ophelia,Skates,Elka,164,44621,BE,1956-02-08,oskates7@phpbb.com,896-741-3826,0,1
OZVRKR96U73F698M,Hermina,Walak,Bartelt,131,48530,IS,1988-06-24,hwalak1u@npr.org,315-843-5015,1,1
PADBXY05D59J640O,Hogan,Every,Annamark,26,63398,MC,1991-09-23,hevery3o@goo.gl,916-465-6428,1,1
PASJSP67W24C424O,Glenna,Bagwell,Cody,26,66730,NG,1971-02-12,gbagwelld3@hud.gov,656-960-2461,1,1
PDRFHU90S03I145C,Bartholomew,Khadir,"Mariners Cove",71,51508,XW,1991-12-25,bkhadir95@biblegateway.com,807-329-9068,0,0
PEPAOE07O92M683Z,Joane,Medford,"Park Meadow",184,24460,GT,1974-10-28,jmedfordg4@epa.gov,438-298-6033,1,0
PETTRH28H73B581X,Olenka,Burfield,Knutson,148,43042,ZE,1951-03-06,oburfield21@pbs.org,813-205-9966,0,0
PEXJYZ98Y79I906O,Vivian,Paolotto,Hermina,37,30742,JO,1992-01-24,vpaolotto1g@gnu.org,680-174-1802,0,0
PFFYCV12I96T262I,Diane-marie,Lilford,Corben,93,11210,LO,1952-07-29,dlilford4v@symantec.com,861-666-7934,0,0
PFOKFX12I37K046N,Alidia,Jeanenet,Quincy,40,80352,EV,1961-06-02,ajeanenet1m@goo.ne.jp,784-673-5270,1,1
PFOMLR61H64T969D,Diannne,Bengefield,Arizona,65,33117,GB,1986-04-22,dbengefieldfy@nifty.com,737-503-7419,0,0
PFQSHB09I80Q357U,Hannah,Broom,6th,160,61708,GM,1964-05-20,hbroomy@meetup.com,568-610-7917,1,1
PGEOPZ20E76U130U,Arabelle,Orknay,Stuart,150,69550,EQ,1985-04-15,aorknay40@jalbum.net,979-784-1547,0,0
PGYQXC64K57J215S,Tess,Huckerby,Vera,186,52184,CM,1981-01-06,thuckerbydb@mashable.com,548-843-6240,0,0
PHQJZA32C24S583B,Gil,Rugieri,Debra,134,94360,MS,1960-06-17,grugieri5w@paypal.com,869-668-9650,1,0
PHZXFC59G30G609X,Kaitlynn,Yerlett,Sherman,119,02690,DI,1994-02-05,kyerlett3i@tripadvisor.com,226-509-3825,0,1
PJQKOH05A29Q376V,Tonie,Alliban,Roth,77,68655,EV,1997-06-25,talliban2p@bbc.co.uk,919-537-3225,1,0
PJTQVI42U39F924P,Roanna,Sillars,"Golf View",198,15048,CU,1987-07-21,rsillarsba@ucla.edu,858-847-3943,1,1
PMZCJF65P13O955Y,Tirrell,Meaden,Hazelcrest,7,32806,LM,1985-10-07,tmeaden24@parallels.com,523-426-3521,1,0
PQCNTE95X23D641X,Tan,Birbeck,Claremont,100,80028,EN,1980-08-23,tbirbeck2b@bloglines.com,416-213-0313,0,0
PQDADB31C43A759F,Tommi,"Van de Vlies","John Wall",172,14256,KH,1954-07-11,tvandevliesd2@nasa.gov,630-753-4506,0,1
PQKTMT95S16Q895M,Bryn,Yardy,"Clyde Gallagher",159,34192,AO,1974-08-10,byardyaq@jalbum.net,338-240-8338,0,1
PRIUNU55T10P633G,Sofia,Shrubb,Kennedy,55,69053,YI,1978-03-12,sshrubb4h@slideshare.net,275-744-2873,0,1
PRNQQS94T77N371B,Nelie,Brame,Lerdahl,128,53551,FJ,1956-06-28,nbramehd@trellian.com,223-510-6252,1,0
PTQVBM41C96L945Z,Goldie,Domerq,Spohn,12,05643,BP,1955-10-04,gdomerqcc@ezinearticles.com,548-589-7168,0,1
PTVOLQ81R63Q868U,Wilow,Hawke,Debs,40,85368,JW,1966-05-18,whawkebt@purevolume.com,231-680-8095,0,1
PUFMAQ18Q60C969U,Clarita,Seabrooke,East,7,01201,YD,1962-04-19,cseabrooke4d@linkedin.com,767-759-6065,1,0
PUSPBO99P93P150T,Kym,Pettiward,"Meadow Vale",153,06489,AD,1995-11-14,kpettiward0@skype.com,777-794-1321,0,0
PVWTOM06S63Y755D,Winfred,Card,Dayton,71,66570,AV,1989-11-20,wcard5n@networkadvertising.org,318-816-2892,0,1
PVWWTN70R21H530V,Fidela,Rozsa,Barnett,69,34769,FY,1953-10-18,frozsa5r@geocities.jp,613-172-0285,1,0
PVYVBS90X82O474K,Frasier,Hazelhurst,"Crescent Oaks",77,81434,QQ,1968-10-02,fhazelhursto@clickbank.net,109-394-8774,0,0
PWVNFA84L87H456N,Leonie,Chatfield,Stoughton,108,62500,BU,1996-06-10,lchatfieldes@gravatar.com,106-264-0116,0,1
PXHVMC72N67J929R,Michale,Hastilow,Washington,137,99383,WB,1953-12-30,mhastilow47@economist.com,668-354-9630,1,1
PXUNTW02I00G226N,Timmie,Dunrige,Pleasure,71,37819,TS,1985-06-10,tdunrige5h@guardian.co.uk,579-301-8096,0,0
PZXGEE19W85R063I,Sebastiano,Stoggell,Hagan,69,66786,XO,1961-04-21,sstoggellem@loc.gov,337-345-2832,1,1
QDHHHI76T56Y626S,Nevins,Maltby,Brown,131,68733,HG,1982-05-31,nmaltby99@php.net,426-423-0096,0,1
QDVAQP17S71Z672R,Linc,Aldiss,Nova,74,05935,ZX,1974-07-06,laldiss3b@ca.gov,486-184-2075,0,0
QDVRDB36T13B101K,Eilis,Faux,Redwing,54,84027,UJ,1971-05-28,efaux8p@shop-pro.jp,392-609-0925,1,1
QEFFZC20W06U053I,Tripp,Backes,Elka,173,35408,ZK,1984-10-25,tbackes37@wikipedia.org,602-667-5423,1,0
QFPHYU51T95A398C,Ellis,Rudall,Corry,142,83894,MB,1950-06-22,erudallfh@naver.com,914-203-4603,0,0
QGVZVJ67E81R347X,Olly,Palleske,Buhler,81,17503,WW,1962-05-09,opalleske6r@sourceforge.net,369-358-8956,0,1
QGXFFF36B52K805H,Weber,Giacobo,Carpenter,80,08297,US,1999-06-19,wgiacobo7k@t.co,415-765-4464,0,0
QHQNGC21C82O133G,Maridel,Lilly,"Maple Wood",75,19083,RO,1982-02-27,mlilly7d@linkedin.com,926-798-1505,1,0
QKMGNG24P69G852U,Angil,Lea,Hazelcrest,125,67341,CN,1959-04-30,alea2d@diigo.com,839-339-3773,0,1
QLFGBG14D97K963Z,Sollie,Mapplebeck,Bultman,79,90292,CU,1995-01-18,smapplebeckc@upenn.edu,843-355-4291,1,1
QLHLJR90I91Y802G,Sydney,Sparry,"Crescent Oaks",56,65554,KO,1976-07-18,ssparryel@cmu.edu,699-851-9404,1,1
QMDCRO88H30O465I,Hastings,Tsarovic,Northland,194,69233,IN,1996-10-01,htsarovica7@google.cn,568-484-6885,1,0
QNNWOP03R38H444V,Mead,Balentyne,Farmco,70,64001,XH,1999-08-04,mbalentyneb0@harvard.edu,787-435-5011,1,1
QOENEG62C75W379B,Patricia,Norewood,Myrtle,114,92601,PV,1974-06-22,pnorewood30@vinaora.com,894-409-3882,0,0
QSWUSY71S05C168H,Denny,Riddoch,Cherokee,183,56882,SO,1985-04-12,driddocheb@blogger.com,559-566-3542,1,1
QTMJOS21L55C778J,Kellina,Cund,Luster,193,02181,VG,1993-01-24,kcundfb@ezinearticles.com,471-702-3622,0,1
QUIUTN54N72M832J,Irv,Kiraly,Corscot,87,49635,EI,1971-05-10,ikiraly3e@geocities.jp,787-551-5764,1,0
QULKZV91J07J309R,Clare,Bushen,East,116,21391,DK,1980-09-30,cbushen1d@marriott.com,459-376-9584,0,0
QVCUTI08T01B304F,Josey,Wohlers,Bultman,139,51145,MY,1969-06-09,jwohlers6m@answers.com,644-783-5986,0,0
QVMJUA99S13K993X,Elysha,Caddick,Homewood,127,96067,YW,1984-08-25,ecaddickz@princeton.edu,612-484-6811,1,0
QVPIMX18Y61Y433R,Ernesto,Rouch,Clove,22,92433,SQ,1957-04-20,eroucha8@cdbaby.com,111-875-7234,1,0
QYDKBO24F43L414S,Luke,Rheubottom,Anhalt,183,36480,TG,1982-01-02,lrheubottomgo@about.com,643-317-1886,1,1
QZFYVB28V57C136I,Valle,Fice,Novick,182,43612,QG,1966-04-08,vfice6j@networksolutions.com,639-179-3912,0,0
RAMKJU29J30N703K,Angelico,McKevin,Sloan,160,01774,SC,1959-01-20,amckevinh1@people.com.cn,472-580-5020,0,0
RARJPS09X74W370I,Blancha,Renwick,Hayes,114,50786,LQ,1951-04-12,brenwick8x@google.ca,508-443-8670,1,1
RCKEZK69Q49V464N,Stafford,Dillintone,Arizona,43,89305,FD,1984-08-05,sdillintone6w@typepad.com,315-704-0236,0,1
RDEBGZ87Q16Y538B,Amalea,Bolwell,"Red Cloud",66,52542,CU,1965-10-09,abolwell69@walmart.com,382-585-9914,0,1
RDMNCX66H70O123E,Ag,Bourdis,Cherokee,171,85783,LT,1951-03-25,abourdiseg@printfriendly.com,315-516-0239,0,0
RFOPIM00M55G831P,Kipper,Aim,Coleman,58,19868,PP,1961-12-24,kaimav@google.co.jp,842-611-0168,0,1
RGFIXV77C92K763N,Willem,Noir,Oriole,124,61559,YU,1986-04-28,wnoira1@msn.com,254-681-6956,1,1
RJGQUF02B72R672F,Jermain,Teeney,Bonner,90,94106,UV,1973-03-27,jteeney5i@php.net,655-710-5436,0,0
RNCVFW69M72H227R,Tremain,Geerling,"Doe Crossing",36,74097,GI,1952-03-06,tgeerling5q@state.gov,372-488-6640,1,1
RNOKRN43U30X018N,Brenden,Arrowsmith,Moland,167,70485,IO,1963-01-26,barrowsmithce@google.co.jp,870-740-0808,1,1
ROQXHW85N33G063M,Leontine,Raffeorty,Scoville,28,03674,CZ,1986-10-30,lraffeorty12@gizmodo.com,421-659-3043,1,0
RRDHMI66V34Z928A,Erna,Whellans,Hoffman,155,03494,FT,1994-02-05,ewhellansgs@examiner.com,663-486-1419,0,0
RSKYMP19X99L356F,Fanchette,Pettigree,Golf,56,77906,RH,1979-06-13,fpettigree4c@topsy.com,550-618-0061,1,0
RSWGTN80K34P488Q,Sargent,Benedikt,"Eagle Crest",176,83782,CX,1954-07-14,sbenediktdq@rambler.ru,599-273-0435,0,1
RTXMLP84W56D464V,Lynn,Schimpke,Loftsgordon,37,37396,GQ,1964-03-09,lschimpkeeq@kickstarter.com,776-131-5312,1,1
RTXOVR70N53W898R,Kip,Zamudio,Prentice,116,53245,IW,1962-06-04,kzamudio7c@seattletimes.com,271-879-9553,0,0
RVFUXN76S65L655Y,Guinevere,Hacard,Riverside,126,88168,QM,1976-02-08,ghacard9o@rediff.com,190-315-1010,1,0
RVGOCJ57S02H484M,Alvy,Deluce,Ohio,28,85319,BF,1958-07-13,adelucee1@istockphoto.com,889-192-6159,0,0
RWEEKV49K52Z769H,Alfi,Duckett,Kedzie,112,88854,QU,1966-03-07,aduckettey@wunderground.com,236-782-2677,0,0
RWXAHS16Q69C607E,Wilow,Kunzel,Lawn,189,72449,DS,1970-01-16,wkunzel9c@jiathis.com,152-544-8820,1,0
RZCUNR76K90W458Y,Jaquenetta,Petley,"Charing Cross",16,29578,MY,1993-05-09,jpetley44@bigcartel.com,707-903-4599,1,1
SAYTEQ62R48Z515I,Natka,Worsham,Sloan,38,35054,UZ,1997-06-14,nworshamd5@bigcartel.com,669-400-3719,1,0
SBAUEH59M12P739I,Vasili,Jaeggi,Elgar,38,56054,GH,1980-01-23,vjaeggieo@youtube.com,119-984-1374,1,0
SEXKBX26F61P750T,Brunhilde,Swedeland,"Village Green",39,46298,NA,1994-12-23,bswedelandbz@drupal.org,587-897-1895,0,0
SGAXVJ37U31W529G,Maddi,Mattisssen,International,127,12532,NF,1985-11-22,mmattisssen5z@addtoany.com,923-676-7362,1,1
SGIJKK86Q13Q093Y,Delinda,Hakonsen,"Golden Leaf",18,34778,GX,1994-04-10,dhakonsenhf@infoseek.co.jp,933-933-8632,0,1
SJBGTR85H08I440A,Lian,Rigate,Lakewood,170,97708,KV,1995-10-24,lrigate6t@weibo.com,857-835-0974,0,1
SMBLOL28X71T216Y,Addia,Stearne,Warrior,102,09622,LT,1962-02-28,astearne6y@rakuten.co.jp,248-898-7757,0,0
SMCGRU10E98T436X,Lauri,Plastow,Redwing,71,37021,CB,1971-09-24,lplastow4j@opensource.org,301-669-4814,1,1
SMLSWC04M11U415R,Krispin,Pawelczyk,Colorado,163,06838,VT,1982-05-30,kpawelczyk7z@cnet.com,758-477-0593,0,0
SPOOSN31S42F385X,Randee,McCarle,"Hollow Ridge",99,33196,PC,1987-06-09,rmccarleah@elpais.com,645-352-5532,0,0
SSNTET86V60Q854J,Nickie,Mingus,Melby,86,84318,JF,1962-06-22,nmingus6i@mtv.com,452-661-0904,1,0
SSNURZ92T99H278W,Willis,Chastaing,Oak,7,49853,GP,1996-06-26,wchastaingez@bloglines.com,768-519-1138,0,1
SSVHNK92X74Y676V,Edi,Coombs,Sunnyside,161,21164,KC,1971-07-24,ecoombs7w@state.gov,876-156-9096,1,0
STCIBL40F07P793Z,Gabi,Torrisi,Bartillon,154,88415,HF,1973-03-13,gtorrisih3@gizmodo.com,621-968-5876,0,1
SUSVGO64J87A639T,Curt,Ebbin,Dawn,66,12435,WV,1990-09-27,cebbinhh@google.cn,528-775-9921,1,1
SXELZL26N68M016F,Fredi,Kelledy,"Green Ridge",132,14722,WO,1963-01-03,fkelledy9d@istockphoto.com,677-955-0463,1,0
SXILJP29J68K387X,Ham,Dowers,Anniversary,135,59992,UK,1973-05-05,hdowers9i@usda.gov,665-997-8791,0,0
SXLCUZ25N58A998F,Vernice,Redit,Wayridge,16,14091,IH,1971-09-16,vredit2v@umich.edu,806-540-2833,0,0
SXQPPS30C79D088A,Hamish,Hadgraft,8th,92,55131,LU,1966-03-27,hhadgraftas@ucoz.com,226-195-6448,1,0
SXWOIG54G61C100S,Dukie,Giacomelli,Lillian,120,04847,HU,1975-03-21,dgiacomelli64@xing.com,884-790-8445,1,0
SYASOT83C73T570I,Scotti,"De Bernardis",Alpine,172,97442,GW,1966-11-28,sdebernardisej@vistaprint.com,598-327-9873,0,1
SYQFES47S49E221E,Shannen,McIan,Rusk,156,42218,ZA,1961-02-11,smciandl@usatoday.com,661-153-1479,1,1
SZEDZP56T60P822U,Alie,Rable,Longview,172,91094,FC,1959-03-21,arable2s@cocolog-nifty.com,640-745-0677,0,1
SZNRQO74E09U002G,Kipp,Green,Warbler,18,78767,IQ,1960-12-27,kgreen29@scientificamerican.com,149-657-7273,1,1
SZZVBR22L52C335O,Tedd,Stuchbury,"Meadow Valley",41,31190,QB,1970-11-12,tstuchburyft@odnoklassniki.ru,417-799-7624,1,0
TAJZDS37Y76W010G,Ricki,Soff,Pawling,66,65278,AG,1955-08-17,rsoff50@marriott.com,507-782-6182,0,1
TAVHRV75W12R269L,Guglielmo,Jenny,Russell,180,09319,PF,1968-08-16,gjennyb@google.nl,455-690-1531,0,0
TBEBAP55P08P773A,Cilka,Ginglell,Grayhawk,46,52042,PE,1958-07-01,cginglelli@dot.gov,523-697-3526,0,1
TBTJKN77A74W383V,Jilly,Klazenga,Chinook,5,68854,JE,1985-09-20,jklazenga5c@dyndns.org,688-942-0903,1,1
TCCKEV65E14N461I,Isac,Pimerick,Fordem,131,36016,GE,1982-02-11,ipimerick88@noaa.gov,156-780-4811,0,1
TCSERT60R38S122U,Ashla,Domini,Gerald,75,50809,FA,1999-09-23,adomini61@ftc.gov,949-657-7038,0,0
TEBXPV51K12D255F,Taylor,Cratere,Canary,138,89380,AR,1962-03-10,tcratereec@sbwire.com,272-977-4983,1,1
TGPQYF93T65B683P,Dare,Jorger,"Twin Pines",81,69242,VJ,1987-12-05,djorgerb8@wp.com,549-151-8519,1,1
TGRIYF80D92M190B,Raimundo,Reddish,Hayes,158,74358,JA,1984-08-07,rreddish8g@walmart.com,256-430-7226,0,0
THCWHR18P38J711N,Wolf,Antoinet,Cherokee,114,76672,ML,1974-10-13,wantoinethp@disqus.com,877-687-0951,1,1
THEAEP65A23F793J,Emmott,Lafflina,Moose,33,43737,VS,1970-12-03,elafflinadz@pbs.org,984-206-5676,0,1
TIIEGQ69P24E773D,Quinn,Rentz,Bashford,197,51299,YA,1974-11-06,qrentzfe@army.mil,144-363-3202,0,1
TIXXUP92K11F878S,Reid,MacElroy,2nd,11,95379,EE,1964-01-10,rmacelroye8@vk.com,667-914-3273,1,1
TKLIFJ20R39A850O,Kari,Teague,Loomis,120,39770,EN,1969-11-01,kteaguefa@acquirethisname.com,508-945-4117,0,1
TMFZGP00H76G207L,Glenden,Seakes,"Golf Course",133,64403,XL,1993-05-09,gseakes4f@answers.com,730-130-5964,1,1
TMKVSM45P14O544K,Perrine,Thompsett,Welch,27,35683,AN,1975-10-14,pthompsettbv@businessweek.com,995-598-1158,1,1
TPTEOO62T90L401U,Glennie,Lummus,Hanson,196,19074,MS,1987-10-09,glummus8b@yolasite.com,497-834-0836,0,1
TQBHGN77Q28H260C,Tammy,Dibben,Fieldstone,169,59197,UO,1950-10-13,tdibbenai@berkeley.edu,758-382-7659,0,1
TQSUQI56J51H936A,Cathi,Grennan,Hoard,154,11020,VJ,1978-01-10,cgrennanf8@last.fm,593-675-4570,1,0
TSRKGH30F29B456Y,Iver,Chaffen,Tony,55,17318,WA,1989-10-25,ichaffen3m@zimbio.com,125-334-3906,0,0
TVGKHY74T19H161L,Waldo,Coy,8th,61,40957,YK,1971-05-09,wcoy7e@usnews.com,268-267-5351,0,1
TXORAQ70N57E598G,Kirby,Lucio,Reinke,2,41001,HV,1986-07-14,klucioe5@blogger.com,969-938-7446,0,0
TZDZUO48N96A083Y,Rebe,Nurse,"Lighthouse Bay",182,96435,XB,1967-12-13,rnurse3u@sakura.ne.jp,773-803-3351,0,1
TZNDOK85N62Q686A,Alexis,Caulliere,Surrey,30,88317,FL,1973-04-23,acaullierea4@163.com,365-608-9906,0,0
UBKTSH57H33Z544W,Babbie,Rendall,Hayes,161,83839,IQ,1952-11-04,brendall8c@g.co,436-159-8645,1,1
UCTREZ61S22Y822H,Mathe,Daouze,Debra,158,81967,WU,1998-03-03,mdaouzed1@soup.io,929-427-1685,0,0
UDWYBO16I92G049S,Selena,Freathy,Anniversary,164,88521,QZ,1980-02-17,sfreathyei@istockphoto.com,287-987-5089,0,0
UEMCRZ95T82X073H,Kailey,Gunbie,Kings,147,93230,KX,1985-03-28,kgunbieek@naver.com,814-473-3314,0,0
UGDUNQ34W70P908J,Farrel,Frigot,Vernon,87,84360,OH,1967-12-15,ffrigot3k@unesco.org,630-437-4240,1,1
UHWBQW34F60S559Y,Glenn,Harraway,Mendota,128,04068,TI,1980-10-27,gharrawaydf@independent.co.uk,644-766-3713,0,1
UKBQOD31X04K086S,Bobinette,Stanlack,Orin,43,74730,PM,1957-11-22,bstanlackhq@domainmarket.com,242-379-2307,1,0
UKCJHL22E79A559M,Esther,Woodruffe,School,138,11580,YM,1952-02-24,ewoodruffefl@gnu.org,764-973-2909,0,1
UKCMWA66Q89L159N,Yurik,Evill,Washington,77,18532,QN,1996-05-22,yevillbw@wordpress.com,433-361-8606,0,0
UKOHGL66F67X078I,Piotr,Arundale,Canary,49,01639,DJ,1974-07-27,parundalecv@sina.com.cn,225-582-6998,1,1
ULZOOK13E53Z846G,Jocelyne,Heffy,Becker,159,57725,UY,1993-03-14,jheffy7h@list-manage.com,523-429-2403,0,1
UMGHTD55F43V728K,Ulrich,Cockrem,Superior,34,60629,UK,1970-06-10,ucockrem3z@cnbc.com,502-840-7866,1,1
UMOFLD97Z40G646N,Brew,Cursey,Oriole,79,92396,GA,1958-12-14,bcursey5t@weather.com,736-546-6577,1,1
UNDOAO64D63B838T,Boyce,Yatman,"Old Gate",53,07233,AJ,1994-06-06,byatman18@issuu.com,908-519-4384,1,1
UNSGHX85O74C099G,Regine,Gillford,Summit,108,52655,LY,1968-07-25,rgillford70@prlog.org,836-697-3785,0,1
UPCCLC08O59Q309O,Thadeus,Moxham,Westport,102,59847,LL,1995-12-02,tmoxhamct@ucoz.ru,987-426-0012,1,0
UQPRYP09U80P961F,Stephine,Markwelley,Dorton,15,69758,YK,1988-08-08,smarkwelley76@shareasale.com,380-250-6995,0,0
UQQGFB12B54V253X,Flory,Larwell,Logan,124,27945,VS,1977-05-19,flarwell3f@ucla.edu,755-391-1869,0,1
UUVBMG16W43Q531U,Ermengarde,Backs,Delladonna,3,16401,KS,1976-05-13,ebacksr@prnewswire.com,684-723-9460,0,0
UWFWLI77H28J118D,Arlen,Lyon,Green,106,51352,KE,1993-02-24,alyondr@oaic.gov.au,981-132-7218,0,0
UWTSXM29L21A132Y,Jenica,Franiak,Tennessee,68,89130,XS,1996-08-21,jfraniak1s@theglobeandmail.com,318-957-4547,1,1
UXYFGA97P51G518P,Remy,Weiser,American,141,60912,VF,1991-04-11,rweiserhx@rambler.ru,576-781-1384,0,0
UYJRHK61I69Y043U,Brander,Probbin,"Fair Oaks",127,94251,DA,1963-09-08,bprobbin2o@flickr.com,382-860-8862,1,0
VANPNJ43L91G706Q,Danielle,Hacon,Dexter,48,89650,ZW,1959-02-21,dhacon3g@1688.com,859-602-6309,0,0
VAZJSE96H09D817P,Lauritz,Feaviour,Annamark,12,27066,KG,1987-01-29,lfeaviourd8@elegantthemes.com,728-884-8154,1,1
VBTUXJ91X58P755I,Betteanne,Pitkin,Gale,117,28992,HD,1967-04-10,bpitkinf7@nsw.gov.au,211-499-4678,1,0
VCEJHY54X30N628U,Clarisse,Moyse,Utah,169,34196,ZK,1981-10-17,cmoysehw@jimdo.com,443-942-2098,1,0
VCTACE56Y22B363A,Glenna,Carden,7th,200,72289,VQ,1974-05-11,gcarden1p@xrea.com,463-960-2921,1,1
VCYHUB29G15M086A,Izaak,Cribbins,Shoshone,18,74054,PO,1979-10-17,icribbinsh@geocities.jp,152-895-4120,1,0
VEFDKC02S92A720V,Forester,McGaraghan,Towne,31,96348,QQ,1970-06-15,fmcgaraghan6k@webnode.com,914-646-1331,0,1
VEQHRA46A40O587I,Hermia,Dumini,Fieldstone,181,05984,QS,1976-02-13,hdumini5p@tripod.com,447-935-1408,0,1
VFKLYA00R60C808E,Celinka,Mollindinia,Sage,29,00619,OI,1952-03-05,cmollindinia1w@ibm.com,158-435-5727,0,0
VFLJCM21O76Y799O,Lester,Weagener,Ruskin,111,75520,LL,1990-12-31,lweagener75@youtu.be,241-717-3735,0,1
VGUCWL54F08D921S,Rivi,Thorby,Anderson,10,64313,NL,1999-12-21,rthorby5d@indiegogo.com,948-461-4796,0,1
VHXZZO73T52A529F,Ulrika,Mungane,Canary,9,88015,SH,1955-07-07,umungane94@icio.us,538-263-2343,1,1
VIKBBV10M07P859J,Lindsay,Luebbert,"Forest Dale",165,72277,KH,1953-08-07,lluebbert8v@bizjournals.com,896-227-0778,0,1
VJSQXL82P48Q103R,Nial,Rosoni,"Lake View",199,80360,CO,1985-07-20,nrosonifm@i2i.jp,497-188-2580,0,1
VKYFKX89T44T765R,Nelia,Singyard,Karstens,65,70862,OQ,1993-09-26,nsingyard8f@google.nl,787-797-4627,1,1
VLSJLZ43W81V022X,Monica,Dunn,Lukken,29,36721,IR,1980-05-16,mdunncl@so-net.ne.jp,731-912-5768,1,0
VMLJQW32P83W006M,Brenn,Tonna,Vermont,197,66249,ZB,1971-11-01,btonnag5@guardian.co.uk,540-443-4587,1,0
VMRFFE01X17L947X,Ariadne,Bere,"American Ash",69,22851,TB,1959-06-19,abere46@alibaba.com,861-284-8133,0,0
VOVBZB27E27D650G,Berky,Northing,Loomis,19,85135,JA,1984-12-04,bnorthing7o@smh.com.au,543-109-6445,0,1
VQPIKP86D50W608G,Juan,Zanazzi,Hooker,128,30885,XC,1995-07-23,jzanazzi9z@php.net,961-657-4679,0,1
VUFUCW54H04Z635I,Frasquito,Durham,Monument,110,23133,YF,1979-04-01,fdurham8@blogger.com,538-532-7651,0,0
VURFOL23O47P215H,Camila,Boggas,"Ronald Regan",198,55238,RK,1964-11-18,cboggasl@cbc.ca,914-246-4018,1,0
VUXPQA60J61Z542J,Parke,Lydall,Sloan,194,22496,BT,1994-07-10,plydall9g@fda.gov,831-709-0309,0,1
VWPIGM28R26Y588N,Gabi,Strange,"Green Ridge",92,06387,WT,1981-06-01,gstrangefx@dmoz.org,584-128-2714,0,0
VWVVFW91G64C098G,Thaddeus,Simes,Mccormick,58,61162,QM,1998-01-14,tsimesb1@marriott.com,390-108-9254,1,0
VXLGLW19Y11S203F,Kynthia,Craster,Chinook,57,62837,WV,1976-06-03,kcrasterg7@weibo.com,234-327-0367,0,1
VXRUHF43R55K468G,Mohammed,Bowling,"Del Mar",49,04523,VB,1970-09-06,mbowling3v@twitpic.com,835-482-3702,0,0
WCVBES61W63P495Q,Rob,Bogey,Steensland,58,33176,XE,1991-01-17,rbogeyt@berkeley.edu,169-565-9517,0,1
WDCWSV95I82L856W,Sanford,Airlie,Ruskin,36,60726,TK,1969-10-25,sairliecq@quantcast.com,238-500-8399,0,1
WEWUCC84A08P226O,Korie,Kemwall,Hayes,46,42986,AD,1980-11-11,kkemwallj@dropbox.com,302-380-0192,0,1
WGNCIN69D18K665W,Lionel,Savell,Macpherson,153,96695,DB,1991-05-20,lsavellay@linkedin.com,868-661-4096,1,0
WHEJPJ11X77R108F,Shurwood,Mournian,Bay,145,92724,EB,1984-03-12,smournian7u@wsj.com,732-818-0853,0,0
WJAMLK87O94O580E,Patrick,Janczyk,Bartelt,82,60053,XF,1987-04-25,pjanczyk8u@pagesperso-orange.fr,657-478-5781,0,0
WJYBEY36T30G643B,Gerti,Wilson,Bellgrove,14,87700,YL,1958-05-16,gwilsonhu@ustream.tv,500-497-5716,1,0
WJZSUU94M65H286M,Marin,Prandoni,School,99,53572,JB,1969-08-31,mprandonia2@wikimedia.org,894-522-4613,0,0
WKMBYQ10T52O496D,Gibb,Meachem,Butterfield,46,95905,AY,1966-06-27,gmeachemhr@bloglovin.com,360-964-3068,0,0
WKNHLB74D76A966H,Marquita,Saward,Northview,90,13494,LH,1986-07-25,msaward58@wufoo.com,259-779-0663,1,0
WNKCWP89Q19P287B,Larissa,Boswood,8th,154,13556,SJ,1962-02-11,lboswooddx@mapquest.com,207-852-4814,1,0
WNWRCY32P99H912J,Les,Feaviour,Jenifer,188,81729,GB,1966-02-18,lfeaviourk@harvard.edu,687-115-2274,1,1
WQCTUM54B14A981H,Cathryn,Klaggeman,Corscot,135,33351,AC,1983-08-13,cklaggeman6p@e-recht24.de,940-601-3913,1,1
WQRELD06J79E506B,Berky,Dubber,Bellgrove,142,36401,ZL,1953-02-19,bdubber8n@spiegel.de,810-740-8694,0,0
WRORPX25A70Q783C,Euphemia,Erwin,Canary,96,31618,EI,1953-01-27,eerwinb5@bigcartel.com,151-371-9400,1,0
WRRDBK28N46Z291X,Winne,Goldston,Heath,105,94222,DD,1953-12-14,wgoldston80@google.com.br,362-342-1773,1,0
WSMNDX70X97T930O,Annissa,Finlater,6th,150,81822,VU,1952-01-06,afinlater9@yale.edu,919-744-9862,1,0
WTYTET78D52E919H,Arni,Stentiford,Atwood,189,20471,NT,1991-04-16,astentifordcr@facebook.com,502-194-9179,1,1
WVAVTQ14K11G229F,Hendrika,Haswell,"Prairie Rose",196,49252,CF,1976-08-04,hhaswell8w@bizjournals.com,473-794-4749,1,0
WVJGKB82T57E302J,Ebenezer,Longland,Annamark,153,01126,PF,1956-03-13,elonglandc2@so-net.ne.jp,152-786-3466,1,1
WWZSIH56C19L763L,Dayna,Owtram,Melrose,165,00919,IZ,1961-11-09,dowtrambu@nasa.gov,151-260-8316,0,0
WYXPHW89A87V093V,Gussie,Newlove,Lien,158,88176,II,1998-05-11,gnewlovee7@state.gov,420-970-1556,1,0
WZIIJL35R51D592O,Lelah,Sutheran,Becker,108,61712,HP,1958-06-20,lsutheraner@reddit.com,398-318-0583,0,1
XALXDU25D36T806S,Niles,Knowles,Dayton,86,95192,PR,1965-12-07,nknowles5m@cnet.com,730-803-1189,1,1
XAURFY59M37W995X,Ev,Balasin,"Prairie Rose",31,61194,EV,1971-04-29,ebalasin65@wikipedia.org,937-641-7513,0,1
XBKCES70H74R678S,Hermina,Barnes,Hagan,129,58807,PQ,1994-08-16,hbarnesh4@unesco.org,312-349-2054,0,0
XCSPOO08S37S033K,Shirleen,Klimontovich,Lunder,134,06379,VD,1990-03-18,sklimontovichaz@flavors.me,967-447-0697,1,0
XCWSMO29K71N898E,Harv,Shewery,"Pepper Wood",31,72450,SO,1975-10-02,hshewery2g@tmall.com,751-723-9563,1,1
XECTRG85U40S078Q,Gilli,Talmadge,Cherokee,6,76223,YO,1951-10-13,gtalmadge7g@imgur.com,322-708-0397,1,0
XEQHBR01I54E276W,Myrtice,Spieght,Maryland,163,02419,CP,1954-08-06,mspieghtf@hibu.com,829-114-4656,0,0
XEVFED62P40M660T,Rubetta,Klugel,Dexter,31,82867,EG,1985-07-02,rklugel4n@ask.com,491-250-7144,1,1
XFHSMU31T62I522J,Norrie,Hartshorne,Stoughton,20,84860,AR,1994-03-02,nhartshornecw@godaddy.com,417-473-8556,0,1
XGQUWL98A04N888V,Elicia,Slaten,Stang,44,13514,CT,1996-11-08,eslatencz@altervista.org,445-651-2378,1,0
XHKOVB62I60E869Q,Adriane,Reiner,Fordem,82,41618,BJ,1984-05-11,areiner98@thetimes.co.uk,638-922-7016,1,1
XHLZXY13O72S493P,Alphonse,Gillio,Parkside,11,78994,EN,1990-06-18,agillioe2@photobucket.com,709-699-1902,1,0
XJSFWS35Z58V201Q,Delmor,Battell,Nobel,145,61309,UO,1950-02-05,dbattellco@blogtalkradio.com,270-694-3225,1,1
XKMHVJ74R79E723T,Lanny,Maycock,Goodland,168,46359,QB,1963-06-19,lmaycock2r@imgur.com,683-625-3543,1,0
XKVOUV33Y04U830J,Xever,Petrovsky,Center,18,17628,FP,1958-01-21,xpetrovsky7l@mit.edu,150-766-5152,0,0
XLIDDU69T06C416N,Ailis,Osband,Myrtle,66,28055,DM,1967-11-14,aosband9w@deviantart.com,647-363-6648,1,0
XNVOQX45J98O010Q,Ardelia,Hand,Vidon,8,01266,CM,1997-01-29,ahandd@de.vu,453-132-8537,0,0
XQKLOF03H62I351U,Gillan,Galton,Katie,113,21336,AU,1996-06-18,ggaltongv@sitemeter.com,203-633-4186,1,1
XRWMMI72M55K352Q,Lucine,Mitchely,Quincy,173,14378,VZ,1969-11-15,lmitchelydu@theglobeandmail.com,265-369-1316,1,1
XUAPTR00W41V274B,Ernestine,Stallan,Clove,23,45600,LB,1959-02-12,estallan2n@elpais.com,619-583-6276,1,1
XUBJAP52L21E814J,Ariella,Newtown,Hoard,8,35455,UV,1962-06-18,anewtown17@apache.org,144-368-1463,0,0
XXWKAS57J16D953M,Ricki,Bladon,Longview,70,06255,XD,1966-04-07,rbladondt@goo.ne.jp,682-284-2640,0,1
XYHWCZ08K73F696Z,Spencer,Szantho,Schurz,143,02186,FZ,1993-06-28,sszanthogu@instagram.com,426-135-5093,1,1
XZJPNT29Y28Q369V,Delcine,Szachniewicz,Stuart,61,39774,PF,1990-09-20,dszachniewicz84@dmoz.org,587-808-9662,0,0
XZLNXD61W07W071C,Nils,Mouse,Kenwood,87,69896,DE,1985-11-09,nmousec1@howstuffworks.com,607-411-7360,0,0
YCAYLA57O44Y135L,Viviana,Voss,Corben,43,49561,NL,1956-01-14,vvossbs@psu.edu,763-869-3956,0,0
YDJMLY03L31O248W,Bradford,Signore,Trailsway,29,12503,MN,1954-05-20,bsignorefp@taobao.com,584-636-8904,1,1
YECXHM60V80K617K,Gwendolyn,Been,Northport,22,18208,NK,1965-12-31,gbeen7i@illinois.edu,716-790-5915,0,0
YGTOXW44C12M836N,Swen,Bewicke,Southridge,183,13840,BR,1967-06-10,sbewicke8y@vinaora.com,312-607-8599,0,0
YIWLON15J07F038U,Bridie,Effemy,Rutledge,178,40327,AH,1968-04-16,beffemy2f@hatena.ne.jp,795-208-6164,1,1
YJDRRB60D96K164R,Viv,Corrado,Golf,114,74178,TR,1970-01-09,vcorradogd@behance.net,353-586-0226,1,0
YMXJUL08B57G979X,Nilson,Tomkin,Kim,146,42886,JT,1979-07-15,ntomkin6a@joomla.org,118-650-4106,0,0
YOWUFT62K58K374L,Sascha,Crossingham,Claremont,143,34349,TC,1986-02-03,scrossingham8d@mail.ru,303-979-4921,0,1
YPCAHS23G89S956B,Geri,Ginty,Russell,197,74738,PC,1975-07-30,ggintyhz@facebook.com,332-842-9151,1,1
YPHYBB88U50L631R,Hunt,Belvin,Sutteridge,163,47783,XK,1992-09-04,hbelvin8o@slashdot.org,904-886-6196,0,0
YPMTZU75A92R101S,Bonnee,Valintine,Springview,111,40208,FM,1968-02-03,bvalintineca@google.es,492-978-4459,0,1
YQZCAY08U06W201F,Dominique,Martynka,Ohio,67,09790,ZC,1967-07-15,dmartynkahv@ovh.net,982-997-9006,1,0
YVBLNE07O47U904E,Sascha,Malley,David,188,25136,QY,1991-09-17,smalleyf3@plala.or.jp,335-716-3771,1,1
YVTZAK26J32H313X,Marylou,Carletto,Maywood,50,22051,GS,1956-11-21,mcarletto2a@weather.com,982-971-4800,0,1
YVUCJJ70V84H642L,Quillan,Jeens,Annamark,196,99454,DQ,1985-10-16,qjeens34@biblegateway.com,247-429-0584,1,0
YWBVEP91T05O724C,Sybyl,Glayzer,Mosinee,198,03586,ID,1961-11-15,sglayzergc@buzzfeed.com,119-187-4487,0,0
YWMBEH67B00Q536D,Paola,Lanceley,International,160,48826,HY,1992-09-22,planceley1z@accuweather.com,799-314-2762,1,1
YYLIVJ31Z43Z098X,Angus,Shillito,Melvin,134,70067,SE,1969-05-31,ashillito7q@paypal.com,478-528-8486,1,0
YYTGMB68R65F200F,Emelia,Arlet,Shasta,93,52149,RF,1987-08-14,earlet6x@earthlink.net,774-498-2486,0,1
YZCHUW40I09G027D,Johannes,Russel,Shoshone,13,55986,GQ,1958-09-15,jrusselgb@yale.edu,315-356-0423,0,0
YZOQJD54M64E872K,Merwin,Coping,Melvin,101,32381,QH,1996-04-23,mcopingac@hao123.com,747-683-5583,0,0
ZCKFZW80N52F104J,Brockie,Bedson,Nobel,156,45898,LY,1950-12-29,bbedsonde@ehow.com,404-573-3764,1,0
ZEKGXV03F93Z278M,Elmira,Lascelles,Mandrake,94,87611,PG,1955-02-16,elascellesao@timesonline.co.uk,642-416-2926,0,1
ZGGSBO79K14D452O,Raymund,Alliot,Lindbergh,10,95453,BU,1977-06-02,ralliotcn@blogger.com,733-236-3991,0,1
ZIWMID76K98U160D,Marlowe,McKaile,Shasta,165,93655,PF,1959-06-15,mmckailea3@goo.gl,302-898-3840,1,0
ZJFGNI77Q32H490X,Craggie,Wolland,"New Castle",159,87860,YJ,1982-06-04,cwolland1e@go.com,116-438-5704,0,0
ZJFOED40R72K739Q,Maximilianus,Poulgreen,Monument,26,08455,ZC,1963-07-15,mpoulgreen2c@sphinn.com,763-772-3531,1,0
ZNDGNP59J71T638V,Jobina,Grigorian,Rockefeller,177,79280,GG,1959-10-25,jgrigorian86@eventbrite.com,610-817-0717,1,0
ZPGJZH98O47C759B,Beverlee,Renihan,Alpine,6,10111,TW,1992-02-20,brenihang2@timesonline.co.uk,290-244-4823,1,0
ZPMBEM76E99W393V,Demetra,Olufsen,Maryland,6,22372,UE,1966-12-31,dolufsen49@joomla.org,899-881-6266,1,0
ZQBZBE99H04M220C,Evin,Leuren,Butterfield,171,88766,NT,1983-04-06,eleuren1i@cnbc.com,964-628-3779,0,1
ZQEROM53X98W618F,Kalil,Sircombe,"Saint Paul",4,81356,FH,1992-07-08,ksircombeet@businesswire.com,729-291-6709,0,0
ZQIEER25Z09Q808X,Lucita,Pointin,Knutson,159,60575,UN,1972-05-29,lpointinw@toplist.cz,678-714-4722,1,1
ZTDNHA00T76Z033H,Etan,Yurkin,Karstens,139,77676,LG,1997-08-12,eyurkingg@yale.edu,298-398-5138,1,1
ZUAHGT40I70M001N,Nalani,MacConnell,Tomscot,45,00341,GT,1973-04-05,nmacconnell56@cnn.com,264-832-6620,0,1
ZUBBMO66R34O117Z,Jedediah,Furse,Elka,71,61522,UZ,1994-04-04,jfurse33@goo.gl,454-419-3436,0,0
ZVEYQD17M26N391D,Eldredge,Spraggon,"Meadow Valley",106,33240,LZ,1959-05-06,espraggonfw@timesonline.co.uk,438-314-8715,1,0
